"../../../Engine/Content/Functions/Engine_MaterialFunctions02/Utility/MakeFloat3.uasset" 0
"../../../Engine/Content/Functions/Engine_MaterialFunctions02/Utility/MakeFloat3.uexp" 1
"../../../Engine/Content/Functions/Engine_MaterialFunctions02/Utility/BreakOutFloat3Components.uasset" 2
"../../../Engine/Content/Functions/Engine_MaterialFunctions02/Utility/BreakOutFloat3Components.uexp" 3
"../../../Engine/Content/Functions/Engine_MaterialFunctions02/Math/Transform3x3Matrix.uasset" 4
"../../../Engine/Content/Functions/Engine_MaterialFunctions02/Math/Transform3x3Matrix.uexp" 5
"../../../Engine/Content/Functions/Engine_MaterialFunctions02/SplitComponents.uasset" 6
"../../../Engine/Content/Functions/Engine_MaterialFunctions02/SplitComponents.uexp" 7
"../../../Engine/Content/VREditor/SnapGrid/SnapGridMaterial.uasset" 8
"../../../Engine/Content/VREditor/SnapGrid/SnapGridMaterial.uexp" 9
"../../../Engine/Content/VREditor/SnapGrid/SnapGridPlaneMesh.ubulk" 10
"../../../Engine/Content/VREditor/SnapGrid/SnapGridPlaneMesh.uasset" 11
"../../../Engine/Content/VREditor/SnapGrid/SnapGridPlaneMesh.uexp" 12
"../../../Engine/Content/VREditor/Sounds/UI/Drop_Item_From_ContentBrowser.ubulk" 13
"../../../Engine/Content/VREditor/Sounds/UI/Drop_Item_From_ContentBrowser.uasset" 14
"../../../Engine/Content/VREditor/Sounds/UI/Drop_Item_From_ContentBrowser.uexp" 15
"../../../Engine/Content/VREditor/Sounds/UI/Gizmo_Handle_Clicked.ubulk" 16
"../../../Engine/Content/VREditor/Sounds/UI/Gizmo_Handle_Clicked.uasset" 17
"../../../Engine/Content/VREditor/Sounds/UI/Gizmo_Handle_Clicked.uexp" 18
"../../../Engine/Content/VREditor/Sounds/UI/Object_PickUp.ubulk" 19
"../../../Engine/Content/VREditor/Sounds/UI/Object_PickUp.uasset" 20
"../../../Engine/Content/VREditor/Sounds/UI/Object_PickUp.uexp" 21
"../../../Engine/Content/VREditor/Sounds/UI/Object_Snaps_To_Another_Actor.ubulk" 22
"../../../Engine/Content/VREditor/Sounds/UI/Object_Snaps_To_Another_Actor.uasset" 23
"../../../Engine/Content/VREditor/Sounds/UI/Object_Snaps_To_Another_Actor.uexp" 24
"../../../Engine/Content/VREditor/Sounds/UI/Object_Snaps_To_Grid.ubulk" 25
"../../../Engine/Content/VREditor/Sounds/UI/Object_Snaps_To_Grid.uasset" 26
"../../../Engine/Content/VREditor/Sounds/UI/Object_Snaps_To_Grid.uexp" 27
"../../../Engine/Content/VREditor/Sounds/UI/Scaling_Down.ubulk" 28
"../../../Engine/Content/VREditor/Sounds/UI/Scaling_Down.uasset" 29
"../../../Engine/Content/VREditor/Sounds/UI/Scaling_Down.uexp" 30
"../../../Engine/Content/VREditor/Sounds/UI/Scaling_Up.ubulk" 31
"../../../Engine/Content/VREditor/Sounds/UI/Scaling_Up.uasset" 32
"../../../Engine/Content/VREditor/Sounds/UI/Scaling_Up.uexp" 33
"../../../Engine/Content/VREditor/Sounds/UI/Selection_Changes.ubulk" 34
"../../../Engine/Content/VREditor/Sounds/UI/Selection_Changes.uasset" 35
"../../../Engine/Content/VREditor/Sounds/UI/Selection_Changes.uexp" 36
"../../../Engine/Content/VREditor/LaserPointer/VR_LaserPower_01.ubulk" 37
"../../../Engine/Content/VREditor/LaserPointer/VR_LaserPower_01.uasset" 38
"../../../Engine/Content/VREditor/LaserPointer/VR_LaserPower_01.uexp" 39
"../../../Engine/Content/VREditor/TransformGizmo/TransformGizmoMaterial.uasset" 40
"../../../Engine/Content/VREditor/TransformGizmo/TransformGizmoMaterial.uexp" 41
"../../../Engine/Content/VREditor/TransformGizmo/TranslucentTransformGizmoMaterial.uasset" 42
"../../../Engine/Content/VREditor/TransformGizmo/TranslucentTransformGizmoMaterial.uexp" 43
"../../../Engine/Content/VREditor/TransformGizmo/PlaneTranslationHandle.ubulk" 44
"../../../Engine/Content/VREditor/TransformGizmo/PlaneTranslationHandle.uasset" 45
"../../../Engine/Content/VREditor/TransformGizmo/PlaneTranslationHandle.uexp" 46
"../../../Engine/Content/VREditor/TransformGizmo/RotationHandleFull.ubulk" 47
"../../../Engine/Content/VREditor/TransformGizmo/RotationHandleFull.uasset" 48
"../../../Engine/Content/VREditor/TransformGizmo/RotationHandleFull.uexp" 49
"../../../Engine/Content/VREditor/TransformGizmo/RotationHandleIndicator.ubulk" 50
"../../../Engine/Content/VREditor/TransformGizmo/RotationHandleIndicator.uasset" 51
"../../../Engine/Content/VREditor/TransformGizmo/RotationHandleIndicator.uexp" 52
"../../../Engine/Content/VREditor/TransformGizmo/RotationHandleQuarter.ubulk" 53
"../../../Engine/Content/VREditor/TransformGizmo/RotationHandleQuarter.uasset" 54
"../../../Engine/Content/VREditor/TransformGizmo/RotationHandleQuarter.uexp" 55
"../../../Engine/Content/VREditor/TransformGizmo/StartRotationHandleIndicator.ubulk" 56
"../../../Engine/Content/VREditor/TransformGizmo/StartRotationHandleIndicator.uasset" 57
"../../../Engine/Content/VREditor/TransformGizmo/StartRotationHandleIndicator.uexp" 58
"../../../Engine/Content/VREditor/TransformGizmo/TranslucentTransformGizmoMaterial_Inst.uasset" 59
"../../../Engine/Content/VREditor/TransformGizmo/TranslucentTransformGizmoMaterial_Inst.uexp" 60
"../../../Engine/Content/VREditor/TransformGizmo/TransformGizmoFreeRotation.ubulk" 61
"../../../Engine/Content/VREditor/TransformGizmo/TransformGizmoFreeRotation.uasset" 62
"../../../Engine/Content/VREditor/TransformGizmo/TransformGizmoFreeRotation.uexp" 63
"../../../Engine/Content/VREditor/TransformGizmo/TransformGizmoMaterial_Inst.uasset" 64
"../../../Engine/Content/VREditor/TransformGizmo/TransformGizmoMaterial_Inst.uexp" 65
"../../../Engine/Content/VREditor/TransformGizmo/TranslateArrowHandle.ubulk" 66
"../../../Engine/Content/VREditor/TransformGizmo/TranslateArrowHandle.uasset" 67
"../../../Engine/Content/VREditor/TransformGizmo/TranslateArrowHandle.uexp" 68
"../../../Engine/Content/VREditor/TransformGizmo/UniformScaleHandle.ubulk" 69
"../../../Engine/Content/VREditor/TransformGizmo/UniformScaleHandle.uasset" 70
"../../../Engine/Content/VREditor/TransformGizmo/UniformScaleHandle.uexp" 71
"../../../Engine/Content/Functions/Engine_MaterialFunctions02/Utility/VectorLength.uasset" 72
"../../../Engine/Content/Functions/Engine_MaterialFunctions02/Utility/VectorLength.uexp" 73
"../../../Engine/Content/Functions/Engine_MaterialFunctions02/WorldPositionOffset/ObjectScale.uasset" 74
"../../../Engine/Content/Functions/Engine_MaterialFunctions02/WorldPositionOffset/ObjectScale.uexp" 75
"../../../Engine/Plugins/Editor/SpeedTreeImporter/Content/SpeedTree9/Empty.uasset" 76
"../../../Engine/Plugins/Editor/SpeedTreeImporter/Content/SpeedTree9/Empty.uexp" 77
"../../../Engine/Plugins/Editor/SpeedTreeImporter/Content/SpeedTree9/EmptyNormal.uasset" 78
"../../../Engine/Plugins/Editor/SpeedTreeImporter/Content/SpeedTree9/EmptyNormal.uexp" 79
"../../../Engine/Plugins/Editor/SpeedTreeImporter/Content/SpeedTree9/game_wind_noise.ubulk" 80
"../../../Engine/Plugins/Editor/SpeedTreeImporter/Content/SpeedTree9/game_wind_noise.uasset" 81
"../../../Engine/Plugins/Editor/SpeedTreeImporter/Content/SpeedTree9/game_wind_noise.uexp" 82
"../../../Engine/Content/Functions/Engine_MaterialFunctions02/SafeNormalize.uasset" 83
"../../../Engine/Content/Functions/Engine_MaterialFunctions02/SafeNormalize.uexp" 84
"../../../Engine/Plugins/Editor/SpeedTreeImporter/Content/SpeedTree9/SpeedTreeWindMotion.uasset" 85
"../../../Engine/Plugins/Editor/SpeedTreeImporter/Content/SpeedTree9/SpeedTreeWindMotion.uexp" 86
"../../../Engine/Plugins/Editor/SpeedTreeImporter/Content/SpeedTree9/UnpackDirection.uasset" 87
"../../../Engine/Plugins/Editor/SpeedTreeImporter/Content/SpeedTree9/UnpackDirection.uexp" 88
"../../../Engine/Plugins/Editor/SpeedTreeImporter/Content/SpeedTree9/UnpackInteger3.uasset" 89
"../../../Engine/Plugins/Editor/SpeedTreeImporter/Content/SpeedTree9/UnpackInteger3.uexp" 90
"../../../Engine/Plugins/Editor/SpeedTreeImporter/Content/SpeedTree9/SpeedTreeBranchMotion.uasset" 91
"../../../Engine/Plugins/Editor/SpeedTreeImporter/Content/SpeedTree9/SpeedTreeBranchMotion.uexp" 92
"../../../Engine/Content/Functions/Engine_MaterialFunctions02/ObjectLocalBounds.uasset" 93
"../../../Engine/Content/Functions/Engine_MaterialFunctions02/ObjectLocalBounds.uexp" 94
"../../../Engine/Content/Functions/Engine_MaterialFunctions02/UVs/BoundingBoxBased_0-1_UVW.uasset" 95
"../../../Engine/Content/Functions/Engine_MaterialFunctions02/UVs/BoundingBoxBased_0-1_UVW.uexp" 96
"../../../Engine/Plugins/Editor/SpeedTreeImporter/Content/SpeedTree9/SpeedTreeWind.uasset" 97
"../../../Engine/Plugins/Editor/SpeedTreeImporter/Content/SpeedTree9/SpeedTreeWind.uexp" 98
"../../../Engine/Plugins/Editor/SpeedTreeImporter/Content/SpeedTree9/SpeedTreeCameraFacing.uasset" 99
"../../../Engine/Plugins/Editor/SpeedTreeImporter/Content/SpeedTree9/SpeedTreeCameraFacing.uexp" 100
"../../../Engine/Plugins/Editor/SpeedTreeImporter/Content/SpeedTree9/SpeedTreeMaster.uasset" 101
"../../../Engine/Plugins/Editor/SpeedTreeImporter/Content/SpeedTree9/SpeedTreeMaster.uexp" 102
"../../../Engine/Plugins/Editor/SpeedTreeImporter/Content/SpeedTree9/SpeedTreeBillboard.uasset" 103
"../../../Engine/Plugins/Editor/SpeedTreeImporter/Content/SpeedTree9/SpeedTreeBillboard.uexp" 104
"../../../Engine/Plugins/Editor/SpeedTreeImporter/Content/SpeedTree9/SpeedTreeBillboardMaster.uasset" 105
"../../../Engine/Plugins/Editor/SpeedTreeImporter/Content/SpeedTree9/SpeedTreeBillboardMaster.uexp" 106
"../../../Engine/Content/EngineMaterials/DefaultDiffuse.ubulk" 107
"../../../Engine/Content/EngineMaterials/DefaultDiffuse.uasset" 108
"../../../Engine/Content/EngineMaterials/DefaultDiffuse.uexp" 109
"../../../Engine/Content/EngineMaterials/Grid.ubulk" 110
"../../../Engine/Content/EngineMaterials/Grid.uasset" 111
"../../../Engine/Content/EngineMaterials/Grid.uexp" 112
"../../../Engine/Content/Functions/Engine_MaterialFunctions01/Gradient/LinearGradient.uasset" 113
"../../../Engine/Content/Functions/Engine_MaterialFunctions01/Gradient/LinearGradient.uexp" 114
"../../../Engine/Content/Functions/Engine_MaterialFunctions01/ImageAdjustment/CheapContrast.uasset" 115
"../../../Engine/Content/Functions/Engine_MaterialFunctions01/ImageAdjustment/CheapContrast.uexp" 116
"../../../Engine/Content/Functions/Engine_MaterialFunctions01/Texturing/WorldAlignedTexture.uasset" 117
"../../../Engine/Content/Functions/Engine_MaterialFunctions01/Texturing/WorldAlignedTexture.uexp" 118
"../../../Engine/Content/EditorMaterials/Dataflow/DataflowSelection.uasset" 119
"../../../Engine/Content/EditorMaterials/Dataflow/DataflowSelection.uexp" 120
"../../../Engine/Content/Functions/Engine_MaterialFunctions02/Utility/BreakOutFloat2Components.uasset" 121
"../../../Engine/Content/Functions/Engine_MaterialFunctions02/Utility/BreakOutFloat2Components.uexp" 122
"../../../Engine/Content/Functions/Engine_MaterialFunctions02/Utility/MakeFloat2.uasset" 123
"../../../Engine/Content/Functions/Engine_MaterialFunctions02/Utility/MakeFloat2.uexp" 124
"../../../Engine/Content/EngineMaterials/BlendFunc_DefBase.uasset" 125
"../../../Engine/Content/EngineMaterials/BlendFunc_DefBase.uexp" 126
"../../../Engine/Content/EngineMaterials/BlendFunc_DefBlend.uasset" 127
"../../../Engine/Content/EngineMaterials/BlendFunc_DefBlend.uexp" 128
"../../../Engine/Content/Functions/Engine_MaterialFunctions03/Blends/Blend_Screen.uasset" 129
"../../../Engine/Content/Functions/Engine_MaterialFunctions03/Blends/Blend_Screen.uexp" 130
"../../../Engine/Content/EditorMaterials/TilingAALineIntegral.uasset" 131
"../../../Engine/Content/EditorMaterials/TilingAALineIntegral.uexp" 132
"../../../Engine/Content/EditorMaterials/TilingAALineBoxFiltered.uasset" 133
"../../../Engine/Content/EditorMaterials/TilingAALineBoxFiltered.uexp" 134
"../../../Engine/Content/Functions/Engine_MaterialFunctions03/Procedurals/ComputeFilterWidth.uasset" 135
"../../../Engine/Content/Functions/Engine_MaterialFunctions03/Procedurals/ComputeFilterWidth.uexp" 136
"../../../Engine/Content/EditorMaterials/TilingAAGrid.uasset" 137
"../../../Engine/Content/EditorMaterials/TilingAAGrid.uexp" 138
"../../../Engine/Content/Functions/Engine_MaterialFunctions02/WorldPositionOffset/V2/ObjectScale.uasset" 139
"../../../Engine/Content/Functions/Engine_MaterialFunctions02/WorldPositionOffset/V2/ObjectScale.uexp" 140
"../../../Engine/Content/EngineResources/Black_Low.uasset" 141
"../../../Engine/Content/EngineResources/Black_Low.uexp" 142
"../../../Engine/Plugins/Experimental/Landmass/Content/Landscape/BlueprintBrushes/MPC/MPC_Landscape.uasset" 143
"../../../Engine/Plugins/Experimental/Landmass/Content/Landscape/BlueprintBrushes/MPC/MPC_Landscape.uexp" 144
"../../../Engine/Plugins/Experimental/Landmass/Content/Landscape/BlueprintBrushes/MF/PointSampleLandscapeUVs.uasset" 145
"../../../Engine/Plugins/Experimental/Landmass/Content/Landscape/BlueprintBrushes/MF/PointSampleLandscapeUVs.uexp" 146
"../../../Engine/Content/Functions/Engine_MaterialFunctions01/ImageAdjustment/SCurve.uasset" 147
"../../../Engine/Content/Functions/Engine_MaterialFunctions01/ImageAdjustment/SCurve.uexp" 148
"../../../Engine/Plugins/Experimental/Landmass/Content/Landscape/OldPrototype_BP/Mats/MF/UnpackRG8Height.uasset" 149
"../../../Engine/Plugins/Experimental/Landmass/Content/Landscape/OldPrototype_BP/Mats/MF/UnpackRG8Height.uexp" 150
"../../../Engine/Content/ArtTools/RenderToTexture/Textures/T_EV_BlankWhite_01.uasset" 151
"../../../Engine/Content/ArtTools/RenderToTexture/Textures/T_EV_BlankWhite_01.uexp" 152
"../../../Engine/Plugins/Experimental/Landmass/Content/Landscape/BlueprintBrushes/MF/LandmassBrush_UVs.uasset" 153
"../../../Engine/Plugins/Experimental/Landmass/Content/Landscape/BlueprintBrushes/MF/LandmassBrush_UVs.uexp" 154
"../../../Engine/Plugins/Experimental/Landmass/Content/Landscape/BlueprintBrushes/MF/LandmassBrush_EdgeFalloff.uasset" 155
"../../../Engine/Plugins/Experimental/Landmass/Content/Landscape/BlueprintBrushes/MF/LandmassBrush_EdgeFalloff.uexp" 156
"../../../Engine/Plugins/Experimental/Landmass/Content/Landscape/BlueprintBrushes/MF/LandmassBrush_Noise.uasset" 157
"../../../Engine/Plugins/Experimental/Landmass/Content/Landscape/BlueprintBrushes/MF/LandmassBrush_Noise.uexp" 158
"../../../Engine/Plugins/Experimental/Landmass/Content/Landscape/BlueprintBrushes/MF/Landmass_BrushTilt.uasset" 159
"../../../Engine/Plugins/Experimental/Landmass/Content/Landscape/BlueprintBrushes/MF/Landmass_BrushTilt.uexp" 160
"../../../Engine/Plugins/Experimental/Landmass/Content/Landscape/BlueprintBrushes/Materials/BrushMaterials/BasicFunctions/LandmassBrush_ShapeMask.uasset" 161
"../../../Engine/Plugins/Experimental/Landmass/Content/Landscape/BlueprintBrushes/Materials/BrushMaterials/BasicFunctions/LandmassBrush_ShapeMask.uexp" 162
"../../../Engine/Plugins/Experimental/Landmass/Content/Landscape/BlueprintBrushes/Materials/Internal/BrushBounds.uasset" 163
"../../../Engine/Plugins/Experimental/Landmass/Content/Landscape/BlueprintBrushes/Materials/Internal/BrushBounds.uexp" 164
"../../../Engine/Content/EngineResources/WhiteSquareTexture.uasset" 165
"../../../Engine/Content/EngineResources/WhiteSquareTexture.uexp" 166
"../../../Engine/Content/EngineMaterials/Widget3DPassThrough.uasset" 167
"../../../Engine/Content/EngineMaterials/Widget3DPassThrough.uexp" 168
"../../../Engine/Content/EngineMaterials/Widget3DPassThrough_Translucent.uasset" 169
"../../../Engine/Content/EngineMaterials/Widget3DPassThrough_Translucent.uexp" 170
"../../../Engine/Content/EngineMaterials/Widget3DPassThrough_Translucent_OneSided.uasset" 171
"../../../Engine/Content/EngineMaterials/Widget3DPassThrough_Translucent_OneSided.uexp" 172
"../../../Engine/Content/EngineMaterials/Widget3DPassThrough_Opaque.uasset" 173
"../../../Engine/Content/EngineMaterials/Widget3DPassThrough_Opaque.uexp" 174
"../../../Engine/Content/EngineMaterials/Widget3DPassThrough_Opaque_OneSided.uasset" 175
"../../../Engine/Content/EngineMaterials/Widget3DPassThrough_Opaque_OneSided.uexp" 176
"../../../Engine/Content/EngineMaterials/Widget3DPassThrough_Masked_OneSided.uasset" 177
"../../../Engine/Content/EngineMaterials/Widget3DPassThrough_Masked_OneSided.uexp" 178
"../../../Engine/Content/Functions/Engine_MaterialFunctions01/Texturing/ScaleUVsByCenter.uasset" 179
"../../../Engine/Content/Functions/Engine_MaterialFunctions01/Texturing/ScaleUVsByCenter.uexp" 180
"../../../Engine/Content/Functions/Engine_MaterialFunctions01/Texturing/TextureCropping.uasset" 181
"../../../Engine/Content/Functions/Engine_MaterialFunctions01/Texturing/TextureCropping.uexp" 182
"../../../Engine/Content/Functions/Engine_MaterialFunctions02/ExampleContent/DebugNumberStrip.uasset" 183
"../../../Engine/Content/Functions/Engine_MaterialFunctions02/ExampleContent/DebugNumberStrip.uexp" 184
"../../../Engine/Content/Functions/Engine_MaterialFunctions01/Debug/DebugIntValues.uasset" 185
"../../../Engine/Content/Functions/Engine_MaterialFunctions01/Debug/DebugIntValues.uexp" 186
"../../../Engine/Content/Functions/Engine_MaterialFunctions02/WorldPositionOffset/LocalPosition.uasset" 187
"../../../Engine/Content/Functions/Engine_MaterialFunctions02/WorldPositionOffset/LocalPosition.uexp" 188
"../../../Engine/Content/EditorLandscapeResources/LandscapeLayerUsageMaterial.uasset" 189
"../../../Engine/Content/EditorLandscapeResources/LandscapeLayerUsageMaterial.uexp" 190
"../../../Engine/Plugins/Interchange/Assets/Content/Utilities/New_LUT.uasset" 191
"../../../Engine/Plugins/Interchange/Assets/Content/Utilities/New_LUT.uexp" 192
"../../../Engine/Content/Functions/Engine_MaterialFunctions03/Math/RemapValueRange.uasset" 193
"../../../Engine/Content/Functions/Engine_MaterialFunctions03/Math/RemapValueRange.uexp" 194
"../../../Engine/Plugins/Interchange/Assets/Content/Functions/MF_Iridescence.uasset" 195
"../../../Engine/Plugins/Interchange/Assets/Content/Functions/MF_Iridescence.uexp" 196
"../../../Engine/Plugins/Interchange/Assets/Content/gltf/Textures/T_White_srgb.uasset" 197
"../../../Engine/Plugins/Interchange/Assets/Content/gltf/Textures/T_White_srgb.uexp" 198
"../../../Engine/Plugins/Interchange/Assets/Content/gltf/MaterialFunctions/MF_BaseColor.uasset" 199
"../../../Engine/Plugins/Interchange/Assets/Content/gltf/MaterialFunctions/MF_BaseColor.uexp" 200
"../../../Engine/Plugins/Interchange/Assets/Content/gltf/MaterialFunctions/MF_RotateNormals_TS.uasset" 201
"../../../Engine/Plugins/Interchange/Assets/Content/gltf/MaterialFunctions/MF_RotateNormals_TS.uexp" 202
"../../../Engine/Plugins/Interchange/Assets/Content/gltf/Textures/T_Generic_N.uasset" 203
"../../../Engine/Plugins/Interchange/Assets/Content/gltf/Textures/T_Generic_N.uexp" 204
"../../../Engine/Plugins/Interchange/Assets/Content/gltf/Textures/T_White_Linear.uasset" 205
"../../../Engine/Plugins/Interchange/Assets/Content/gltf/Textures/T_White_Linear.uexp" 206
"../../../Engine/Content/Functions/Engine_MaterialFunctions01/Texturing/FlattenNormal.uasset" 207
"../../../Engine/Content/Functions/Engine_MaterialFunctions01/Texturing/FlattenNormal.uexp" 208
"../../../Engine/Plugins/Interchange/Assets/Content/gltf/MaterialFunctions/MF_Clearcoat.uasset" 209
"../../../Engine/Plugins/Interchange/Assets/Content/gltf/MaterialFunctions/MF_Clearcoat.uexp" 210
"../../../Engine/Plugins/Interchange/Assets/Content/gltf/MaterialFunctions/MF_Emissive.uasset" 211
"../../../Engine/Plugins/Interchange/Assets/Content/gltf/MaterialFunctions/MF_Emissive.uexp" 212
"../../../Engine/Plugins/Interchange/Assets/Content/gltf/MaterialFunctions/MF_IOR.uasset" 213
"../../../Engine/Plugins/Interchange/Assets/Content/gltf/MaterialFunctions/MF_IOR.uexp" 214
"../../../Engine/Plugins/Interchange/Assets/Content/Functions/MF_IridescenceNoLUT.uasset" 215
"../../../Engine/Plugins/Interchange/Assets/Content/Functions/MF_IridescenceNoLUT.uexp" 216
"../../../Engine/Plugins/Interchange/Assets/Content/gltf/MaterialFunctions/MF_Iridescence.uasset" 217
"../../../Engine/Plugins/Interchange/Assets/Content/gltf/MaterialFunctions/MF_Iridescence.uexp" 218
"../../../Engine/Plugins/Interchange/Assets/Content/gltf/MaterialFunctions/MF_MetallicRoughness.uasset" 219
"../../../Engine/Plugins/Interchange/Assets/Content/gltf/MaterialFunctions/MF_MetallicRoughness.uexp" 220
"../../../Engine/Plugins/Interchange/Assets/Content/gltf/MaterialFunctions/MF_ScaleNormal.uasset" 221
"../../../Engine/Plugins/Interchange/Assets/Content/gltf/MaterialFunctions/MF_ScaleNormal.uexp" 222
"../../../Engine/Plugins/Interchange/Assets/Content/gltf/MaterialFunctions/MF_Normals.uasset" 223
"../../../Engine/Plugins/Interchange/Assets/Content/gltf/MaterialFunctions/MF_Normals.uexp" 224
"../../../Engine/Plugins/Interchange/Assets/Content/gltf/MaterialFunctions/MF_Occlusion.uasset" 225
"../../../Engine/Plugins/Interchange/Assets/Content/gltf/MaterialFunctions/MF_Occlusion.uexp" 226
"../../../Engine/Plugins/Interchange/Assets/Content/gltf/MaterialFunctions/MF_Specular.uasset" 227
"../../../Engine/Plugins/Interchange/Assets/Content/gltf/MaterialFunctions/MF_Specular.uexp" 228
"../../../Engine/Plugins/Interchange/Assets/Content/gltf/Textures/T_Anisotropy_Direction_Linear.uasset" 229
"../../../Engine/Plugins/Interchange/Assets/Content/gltf/Textures/T_Anisotropy_Direction_Linear.uexp" 230
"../../../Engine/Plugins/Interchange/Assets/Content/gltf/MaterialFunctions/MF_SpecularAnisotropy.uasset" 231
"../../../Engine/Plugins/Interchange/Assets/Content/gltf/MaterialFunctions/MF_SpecularAnisotropy.uexp" 232
"../../../Engine/Plugins/Interchange/Assets/Content/gltf/MaterialFunctions/MF_RotateV2.uasset" 233
"../../../Engine/Plugins/Interchange/Assets/Content/gltf/MaterialFunctions/MF_RotateV2.uexp" 234
"../../../Engine/Plugins/Interchange/Assets/Content/gltf/MaterialFunctions/MF_TransformUVs.uasset" 235
"../../../Engine/Plugins/Interchange/Assets/Content/gltf/MaterialFunctions/MF_TransformUVs.uexp" 236
"../../../Engine/Plugins/Interchange/Assets/Content/gltf/MaterialBodies/MF_ClearCoat_Body.uasset" 237
"../../../Engine/Plugins/Interchange/Assets/Content/gltf/MaterialBodies/MF_ClearCoat_Body.uexp" 238
"../../../Engine/Plugins/Interchange/Assets/Content/gltf/M_ClearCoat.uasset" 239
"../../../Engine/Plugins/Interchange/Assets/Content/gltf/M_ClearCoat.uexp" 240
"../../../Engine/Plugins/Interchange/Assets/Content/gltf/MaterialInstances/MI_ClearCoat_Opaque.uasset" 241
"../../../Engine/Plugins/Interchange/Assets/Content/gltf/MaterialInstances/MI_ClearCoat_Opaque.uexp" 242
"../../../Engine/Plugins/Interchange/Assets/Content/gltf/MaterialInstances/MI_ClearCoat_Mask.uasset" 243
"../../../Engine/Plugins/Interchange/Assets/Content/gltf/MaterialInstances/MI_ClearCoat_Mask.uexp" 244
"../../../Engine/Plugins/Interchange/Assets/Content/gltf/MaterialFunctions/MF_Fresnel_DS.uasset" 245
"../../../Engine/Plugins/Interchange/Assets/Content/gltf/MaterialFunctions/MF_Fresnel_DS.uexp" 246
"../../../Engine/Content/EngineMaterials/Good64x64TilingNoiseHighFreq.uasset" 247
"../../../Engine/Content/EngineMaterials/Good64x64TilingNoiseHighFreq.uexp" 248
"../../../Engine/Content/Functions/Engine_MaterialFunctions02/Utility/CameraDirectionVector.uasset" 249
"../../../Engine/Content/Functions/Engine_MaterialFunctions02/Utility/CameraDirectionVector.uexp" 250
"../../../Engine/Content/Functions/Engine_MaterialFunctions02/Texturing/ScreenAlignedPixelToPixelUVs.uasset" 251
"../../../Engine/Content/Functions/Engine_MaterialFunctions02/Texturing/ScreenAlignedPixelToPixelUVs.uexp" 252
"../../../Engine/Plugins/Interchange/Assets/Content/gltf/MaterialFunctions/MF_Temporal_Blur.uasset" 253
"../../../Engine/Plugins/Interchange/Assets/Content/gltf/MaterialFunctions/MF_Temporal_Blur.uexp" 254
"../../../Engine/Plugins/Interchange/Assets/Content/gltf/MaterialFunctions/MF_Transmission.uasset" 255
"../../../Engine/Plugins/Interchange/Assets/Content/gltf/MaterialFunctions/MF_Transmission.uexp" 256
"../../../Engine/Plugins/Interchange/Assets/Content/gltf/MaterialBodies/MF_Transmission_Body.uasset" 257
"../../../Engine/Plugins/Interchange/Assets/Content/gltf/MaterialBodies/MF_Transmission_Body.uexp" 258
"../../../Engine/Plugins/Interchange/Assets/Content/gltf/M_Transmission.uasset" 259
"../../../Engine/Plugins/Interchange/Assets/Content/gltf/M_Transmission.uexp" 260
"../../../Engine/Plugins/Interchange/Assets/Content/gltf/MaterialInstances/MI_Transmission.uasset" 261
"../../../Engine/Plugins/Interchange/Assets/Content/gltf/MaterialInstances/MI_Transmission.uexp" 262
"../../../Engine/Plugins/Interchange/Assets/Content/gltf/MaterialFunctions/MF_Sheen.uasset" 263
"../../../Engine/Plugins/Interchange/Assets/Content/gltf/MaterialFunctions/MF_Sheen.uexp" 264
"../../../Engine/Plugins/Interchange/Assets/Content/gltf/MaterialBodies/MF_Sheen_Body.uasset" 265
"../../../Engine/Plugins/Interchange/Assets/Content/gltf/MaterialBodies/MF_Sheen_Body.uexp" 266
"../../../Engine/Plugins/Interchange/Assets/Content/gltf/M_Sheen.uasset" 267
"../../../Engine/Plugins/Interchange/Assets/Content/gltf/M_Sheen.uexp" 268
"../../../Engine/Plugins/Interchange/Assets/Content/gltf/MaterialInstances/MI_Sheen_Opaque.uasset" 269
"../../../Engine/Plugins/Interchange/Assets/Content/gltf/MaterialInstances/MI_Sheen_Opaque.uexp" 270
"../../../Engine/Plugins/Interchange/Assets/Content/gltf/MaterialInstances/MI_Transmission_DS.uasset" 271
"../../../Engine/Plugins/Interchange/Assets/Content/gltf/MaterialInstances/MI_Transmission_DS.uexp" 272
"../../../Engine/Plugins/Interchange/Assets/Content/gltf/MaterialBodies/MF_Default_Body.uasset" 273
"../../../Engine/Plugins/Interchange/Assets/Content/gltf/MaterialBodies/MF_Default_Body.uexp" 274
"../../../Engine/Plugins/Interchange/Assets/Content/gltf/M_Default.uasset" 275
"../../../Engine/Plugins/Interchange/Assets/Content/gltf/M_Default.uexp" 276
"../../../Engine/Plugins/Interchange/Assets/Content/gltf/MaterialInstances/MI_Default_Opaque.uasset" 277
"../../../Engine/Plugins/Interchange/Assets/Content/gltf/MaterialInstances/MI_Default_Opaque.uexp" 278
"../../../Engine/Plugins/Interchange/Assets/Content/Functions/MX_StandardSurface.uasset" 279
"../../../Engine/Plugins/Interchange/Assets/Content/Functions/MX_StandardSurface.uexp" 280
"../../../Engine/Plugins/Interchange/Assets/Content/Functions/MX_TransmissionSurface.uasset" 281
"../../../Engine/Plugins/Interchange/Assets/Content/Functions/MX_TransmissionSurface.uexp" 282
"../../../Engine/Plugins/Interchange/Assets/Content/Functions/MX_OpenPBR_Translucent.uasset" 283
"../../../Engine/Plugins/Interchange/Assets/Content/Functions/MX_OpenPBR_Translucent.uexp" 284
"../../../Engine/Plugins/Interchange/Assets/Content/gltf/MaterialBodies/MF_Unlit_Body.uasset" 285
"../../../Engine/Plugins/Interchange/Assets/Content/gltf/MaterialBodies/MF_Unlit_Body.uexp" 286
"../../../Engine/Plugins/Interchange/Assets/Content/gltf/M_Unlit.uasset" 287
"../../../Engine/Plugins/Interchange/Assets/Content/gltf/M_Unlit.uexp" 288
"../../../Engine/Plugins/Interchange/Assets/Content/gltf/MaterialInstances/MI_Unlit_Blend.uasset" 289
"../../../Engine/Plugins/Interchange/Assets/Content/gltf/MaterialInstances/MI_Unlit_Blend.uexp" 290
"../../../Engine/Plugins/Interchange/Assets/Content/gltf/MaterialInstances/MI_Unlit_Mask.uasset" 291
"../../../Engine/Plugins/Interchange/Assets/Content/gltf/MaterialInstances/MI_Unlit_Mask.uexp" 292
"../../../Engine/Plugins/Interchange/Assets/Content/gltf/MaterialInstances/MI_Unlit_Opaque.uasset" 293
"../../../Engine/Plugins/Interchange/Assets/Content/gltf/MaterialInstances/MI_Unlit_Opaque.uexp" 294
"../../../Engine/Plugins/Interchange/Assets/Content/gltf/MaterialInstances/MI_Default_Mask_DS.uasset" 295
"../../../Engine/Plugins/Interchange/Assets/Content/gltf/MaterialInstances/MI_Default_Mask_DS.uexp" 296
"../../../Engine/Plugins/Interchange/Assets/Content/gltf/MaterialInstances/MI_Default_Opaque_DS.uasset" 297
"../../../Engine/Plugins/Interchange/Assets/Content/gltf/MaterialInstances/MI_Default_Opaque_DS.uexp" 298
"../../../Engine/Plugins/Interchange/Assets/Content/gltf/MaterialInstances/MI_Default_Blend.uasset" 299
"../../../Engine/Plugins/Interchange/Assets/Content/gltf/MaterialInstances/MI_Default_Blend.uexp" 300
"../../../Engine/Plugins/Interchange/Assets/Content/gltf/MaterialInstances/MI_Sheen_Blend_DS.uasset" 301
"../../../Engine/Plugins/Interchange/Assets/Content/gltf/MaterialInstances/MI_Sheen_Blend_DS.uexp" 302
"../../../Engine/Plugins/Interchange/Assets/Content/gltf/MaterialInstances/MI_Sheen_Mask_DS.uasset" 303
"../../../Engine/Plugins/Interchange/Assets/Content/gltf/MaterialInstances/MI_Sheen_Mask_DS.uexp" 304
"../../../Engine/Plugins/Interchange/Assets/Content/gltf/MaterialInstances/MI_Sheen_Opaque_DS.uasset" 305
"../../../Engine/Plugins/Interchange/Assets/Content/gltf/MaterialInstances/MI_Sheen_Opaque_DS.uexp" 306
"../../../Engine/Plugins/Interchange/Assets/Content/gltf/MaterialInstances/MI_Sheen_Blend.uasset" 307
"../../../Engine/Plugins/Interchange/Assets/Content/gltf/MaterialInstances/MI_Sheen_Blend.uexp" 308
"../../../Engine/Plugins/Interchange/Assets/Content/gltf/MaterialInstances/MI_Sheen_Mask.uasset" 309
"../../../Engine/Plugins/Interchange/Assets/Content/gltf/MaterialInstances/MI_Sheen_Mask.uexp" 310
"../../../Engine/Plugins/Interchange/Assets/Content/gltf/MaterialInstances/MI_Default_Blend_DS.uasset" 311
"../../../Engine/Plugins/Interchange/Assets/Content/gltf/MaterialInstances/MI_Default_Blend_DS.uexp" 312
"../../../Engine/Plugins/Interchange/Assets/Content/gltf/MaterialInstances/MI_Default_Mask.uasset" 313
"../../../Engine/Plugins/Interchange/Assets/Content/gltf/MaterialInstances/MI_Default_Mask.uexp" 314
"../../../Engine/Plugins/Interchange/Assets/Content/gltf/MaterialInstances/MI_ClearCoat_Blend_DS.uasset" 315
"../../../Engine/Plugins/Interchange/Assets/Content/gltf/MaterialInstances/MI_ClearCoat_Blend_DS.uexp" 316
"../../../Engine/Plugins/Interchange/Assets/Content/gltf/MaterialInstances/MI_ClearCoat_Mask_DS.uasset" 317
"../../../Engine/Plugins/Interchange/Assets/Content/gltf/MaterialInstances/MI_ClearCoat_Mask_DS.uexp" 318
"../../../Engine/Plugins/Interchange/Assets/Content/gltf/MaterialInstances/MI_ClearCoat_Opaque_DS.uasset" 319
"../../../Engine/Plugins/Interchange/Assets/Content/gltf/MaterialInstances/MI_ClearCoat_Opaque_DS.uexp" 320
"../../../Engine/Plugins/Interchange/Assets/Content/gltf/MaterialInstances/MI_ClearCoat_Blend.uasset" 321
"../../../Engine/Plugins/Interchange/Assets/Content/gltf/MaterialInstances/MI_ClearCoat_Blend.uexp" 322
"../../../Engine/Content/Functions/Engine_MaterialFunctions02/Math/AddComponents.uasset" 323
"../../../Engine/Content/Functions/Engine_MaterialFunctions02/Math/AddComponents.uexp" 324
"../../../Engine/Plugins/Interchange/Assets/Content/gltf/MaterialFunctions/MF_PerceivedBrightness.uasset" 325
"../../../Engine/Plugins/Interchange/Assets/Content/gltf/MaterialFunctions/MF_PerceivedBrightness.uexp" 326
"../../../Engine/Plugins/Interchange/Assets/Content/gltf/MaterialFunctions/MF_SpecGlossToMetalRoughness.uasset" 327
"../../../Engine/Plugins/Interchange/Assets/Content/gltf/MaterialFunctions/MF_SpecGlossToMetalRoughness.uexp" 328
"../../../Engine/Content/Functions/Substrate/Substrate-IOR-To-F0.uasset" 329
"../../../Engine/Content/Functions/Substrate/Substrate-IOR-To-F0.uexp" 330
"../../../Engine/Plugins/Interchange/Assets/Content/gltf/Substrate/MF_GLTFPBR.uasset" 331
"../../../Engine/Plugins/Interchange/Assets/Content/gltf/Substrate/MF_GLTFPBR.uexp" 332
"../../../Engine/Plugins/Interchange/Assets/Content/gltf/Substrate/M_GLTF.uasset" 333
"../../../Engine/Plugins/Interchange/Assets/Content/gltf/Substrate/M_GLTF.uexp" 334
"../../../Engine/Plugins/Interchange/Assets/Content/gltf/MaterialInstances/MI_Unlit_Blend_DS.uasset" 335
"../../../Engine/Plugins/Interchange/Assets/Content/gltf/MaterialInstances/MI_Unlit_Blend_DS.uexp" 336
"../../../Engine/Plugins/Interchange/Assets/Content/gltf/MaterialInstances/MI_Unlit_Mask_DS.uasset" 337
"../../../Engine/Plugins/Interchange/Assets/Content/gltf/MaterialInstances/MI_Unlit_Mask_DS.uexp" 338
"../../../Engine/Plugins/Interchange/Assets/Content/gltf/MaterialInstances/MI_Unlit_Opaque_DS.uasset" 339
"../../../Engine/Plugins/Interchange/Assets/Content/gltf/MaterialInstances/MI_Unlit_Opaque_DS.uexp" 340
"../../../Engine/Plugins/Interchange/Assets/Content/gltf/MaterialFunctions/MF_DiffuseSpecGloss.uasset" 341
"../../../Engine/Plugins/Interchange/Assets/Content/gltf/MaterialFunctions/MF_DiffuseSpecGloss.uexp" 342
"../../../Engine/Plugins/Interchange/Assets/Content/gltf/MaterialFunctions/MF_MaxComponentValue.uasset" 343
"../../../Engine/Plugins/Interchange/Assets/Content/gltf/MaterialFunctions/MF_MaxComponentValue.uexp" 344
"../../../Engine/Plugins/Interchange/Assets/Content/gltf/MaterialBodies/MF_SpecularGlossiness_Body.uasset" 345
"../../../Engine/Plugins/Interchange/Assets/Content/gltf/MaterialBodies/MF_SpecularGlossiness_Body.uexp" 346
"../../../Engine/Plugins/Interchange/Assets/Content/gltf/M_SpecularGlossiness.uasset" 347
"../../../Engine/Plugins/Interchange/Assets/Content/gltf/M_SpecularGlossiness.uexp" 348
"../../../Engine/Plugins/Interchange/Assets/Content/gltf/MaterialInstances/MI_SpecularGlossiness_Opaque.uasset" 349
"../../../Engine/Plugins/Interchange/Assets/Content/gltf/MaterialInstances/MI_SpecularGlossiness_Opaque.uexp" 350
"../../../Engine/Plugins/Interchange/Assets/Content/gltf/MaterialInstances/MI_SpecularGlossiness_Blend_DS.uasset" 351
"../../../Engine/Plugins/Interchange/Assets/Content/gltf/MaterialInstances/MI_SpecularGlossiness_Blend_DS.uexp" 352
"../../../Engine/Plugins/Interchange/Assets/Content/gltf/MaterialInstances/MI_SpecularGlossiness_Mask_DS.uasset" 353
"../../../Engine/Plugins/Interchange/Assets/Content/gltf/MaterialInstances/MI_SpecularGlossiness_Mask_DS.uexp" 354
"../../../Engine/Plugins/Interchange/Assets/Content/gltf/MaterialInstances/MI_SpecularGlossiness_Opaque_DS.uasset" 355
"../../../Engine/Plugins/Interchange/Assets/Content/gltf/MaterialInstances/MI_SpecularGlossiness_Opaque_DS.uexp" 356
"../../../Engine/Plugins/Interchange/Assets/Content/gltf/MaterialInstances/MI_SpecularGlossiness_Blend.uasset" 357
"../../../Engine/Plugins/Interchange/Assets/Content/gltf/MaterialInstances/MI_SpecularGlossiness_Blend.uexp" 358
"../../../Engine/Plugins/Interchange/Assets/Content/gltf/MaterialInstances/MI_SpecularGlossiness_Mask.uasset" 359
"../../../Engine/Plugins/Interchange/Assets/Content/gltf/MaterialInstances/MI_SpecularGlossiness_Mask.uexp" 360
"../../../Engine/Content/EngineMaterials/T_Default_Material_Grid_M.ubulk" 361
"../../../Engine/Content/EngineMaterials/T_Default_Material_Grid_M.uasset" 362
"../../../Engine/Content/EngineMaterials/T_Default_Material_Grid_M.uexp" 363
"../../../Engine/Content/EngineMaterials/T_Default_Material_Grid_N.ubulk" 364
"../../../Engine/Content/EngineMaterials/T_Default_Material_Grid_N.uasset" 365
"../../../Engine/Content/EngineMaterials/T_Default_Material_Grid_N.uexp" 366
"../../../Engine/Content/Functions/Engine_MaterialFunctions01/Opacity/CameraDepthFade.uasset" 367
"../../../Engine/Content/Functions/Engine_MaterialFunctions01/Opacity/CameraDepthFade.uexp" 368
"../../../Engine/Content/EngineMaterials/WorldGridMaterial.uasset" 369
"../../../Engine/Content/EngineMaterials/WorldGridMaterial.uexp" 370
"../../../Engine/Content/ArtTools/RenderToTexture/Meshes/S_1_Unit_Plane.ubulk" 371
"../../../Engine/Content/ArtTools/RenderToTexture/Meshes/S_1_Unit_Plane.uasset" 372
"../../../Engine/Content/ArtTools/RenderToTexture/Meshes/S_1_Unit_Plane.uexp" 373
"../../../Engine/Plugins/Experimental/Water/Content/Meshes/LakeMesh.ubulk" 374
"../../../Engine/Plugins/Experimental/Water/Content/Meshes/LakeMesh.uasset" 375
"../../../Engine/Plugins/Experimental/Water/Content/Meshes/LakeMesh.uexp" 376
"../../../Engine/Plugins/Experimental/Water/Content/Meshes/RiverMesh.ubulk" 377
"../../../Engine/Plugins/Experimental/Water/Content/Meshes/RiverMesh.uasset" 378
"../../../Engine/Plugins/Experimental/Water/Content/Meshes/RiverMesh.uexp" 379
"../../../Engine/Plugins/Experimental/Landmass/Content/Landscape/Meshes/S_SpritePlane.ubulk" 380
"../../../Engine/Plugins/Experimental/Landmass/Content/Landscape/Meshes/S_SpritePlane.uasset" 381
"../../../Engine/Plugins/Experimental/Landmass/Content/Landscape/Meshes/S_SpritePlane.uexp" 382
"../../../Engine/Plugins/Media/MediaPlate/Content/SM_MediaPlateScreen.ubulk" 383
"../../../Engine/Plugins/Media/MediaPlate/Content/SM_MediaPlateScreen.uasset" 384
"../../../Engine/Plugins/Media/MediaPlate/Content/SM_MediaPlateScreen.uexp" 385
"../../../Engine/Plugins/Interchange/Assets/Content/Functions/MX_OpenPBR_Opaque.uasset" 386
"../../../Engine/Plugins/Interchange/Assets/Content/Functions/MX_OpenPBR_Opaque.uexp" 387
"../../../Engine/Plugins/Animation/ControlRig/Content/Controls/ControlRig_Hexagon_solid.ubulk" 388
"../../../Engine/Plugins/Animation/ControlRig/Content/Controls/ControlRig_Hexagon_solid.uasset" 389
"../../../Engine/Plugins/Animation/ControlRig/Content/Controls/ControlRig_Hexagon_solid.uexp" 390
"../../../Engine/Plugins/Animation/ControlRig/Content/Controls/ControlRig_Hexagon_3mm.ubulk" 391
"../../../Engine/Plugins/Animation/ControlRig/Content/Controls/ControlRig_Hexagon_3mm.uasset" 392
"../../../Engine/Plugins/Animation/ControlRig/Content/Controls/ControlRig_Hexagon_3mm.uexp" 393
"../../../Engine/Plugins/Animation/ControlRig/Content/Controls/ControlRig_Hexagon_1mm.ubulk" 394
"../../../Engine/Plugins/Animation/ControlRig/Content/Controls/ControlRig_Hexagon_1mm.uasset" 395
"../../../Engine/Plugins/Animation/ControlRig/Content/Controls/ControlRig_Hexagon_1mm.uexp" 396
"../../../Engine/Content/EngineMaterials/Widget3DPassThrough_Masked.uasset" 397
"../../../Engine/Content/EngineMaterials/Widget3DPassThrough_Masked.uexp" 398
"../../../Engine/Content/Functions/Engine_MaterialFunctions02/WorldPositionOffset/ComponentPivotLocation.uasset" 399
"../../../Engine/Content/Functions/Engine_MaterialFunctions02/WorldPositionOffset/ComponentPivotLocation.uexp" 400
"../../../Engine/Content/EditorResources/S_Terrain.ubulk" 401
"../../../Engine/Content/EditorResources/S_Terrain.uasset" 402
"../../../Engine/Content/EditorResources/S_Terrain.uexp" 403
"../../../Engine/Content/Functions/Engine_MaterialFunctions02/WorldPositionOffset/Sprite.uasset" 404
"../../../Engine/Content/Functions/Engine_MaterialFunctions02/WorldPositionOffset/Sprite.uexp" 405
"../../../Engine/Plugins/Experimental/Landmass/Content/Landscape/BlueprintBrushes/Materials/Sprite/M_BrushSprite_01.uasset" 406
"../../../Engine/Plugins/Experimental/Landmass/Content/Landscape/BlueprintBrushes/Materials/Sprite/M_BrushSprite_01.uexp" 407
"../../../Engine/Content/EditorMaterials/Camera/CineMat.uasset" 408
"../../../Engine/Content/EditorMaterials/Camera/CineMat.uexp" 409
"../../../Engine/Content/EditorMaterials/Camera/MI_CineMat_Rig.uasset" 410
"../../../Engine/Content/EditorMaterials/Camera/MI_CineMat_Rig.uexp" 411
"../../../Engine/Content/EditorMeshes/Camera/SM_CraneRig_Base.ubulk" 412
"../../../Engine/Content/EditorMeshes/Camera/SM_CraneRig_Base.uasset" 413
"../../../Engine/Content/EditorMeshes/Camera/SM_CraneRig_Base.uexp" 414
"../../../Engine/Content/EditorMeshes/Camera/SM_CraneRig_Arm.ubulk" 415
"../../../Engine/Content/EditorMeshes/Camera/SM_CraneRig_Arm.uasset" 416
"../../../Engine/Content/EditorMeshes/Camera/SM_CraneRig_Arm.uexp" 417
"../../../Engine/Content/EditorMeshes/Camera/SM_CraneRig_Mount.ubulk" 418
"../../../Engine/Content/EditorMeshes/Camera/SM_CraneRig_Mount.uasset" 419
"../../../Engine/Content/EditorMeshes/Camera/SM_CraneRig_Mount.uexp" 420
"../../../Engine/Content/EditorMeshes/Camera/SM_CraneRig_Body.ubulk" 421
"../../../Engine/Content/EditorMeshes/Camera/SM_CraneRig_Body.uasset" 422
"../../../Engine/Content/EditorMeshes/Camera/SM_CraneRig_Body.uexp" 423
"../../../Engine/Content/EditorMeshes/Camera/SM_RailRig_Track.ubulk" 424
"../../../Engine/Content/EditorMeshes/Camera/SM_RailRig_Track.uasset" 425
"../../../Engine/Content/EditorMeshes/Camera/SM_RailRig_Track.uexp" 426
"../../../Engine/Content/EditorMeshes/Camera/SM_RailRig_Mount.ubulk" 427
"../../../Engine/Content/EditorMeshes/Camera/SM_RailRig_Mount.uasset" 428
"../../../Engine/Content/EditorMeshes/Camera/SM_RailRig_Mount.uexp" 429
"../../../Engine/Content/EditorLandscapeResources/DefaultAlphaTexture.uasset" 430
"../../../Engine/Content/EditorLandscapeResources/DefaultAlphaTexture.uexp" 431
"../../../Engine/Content/Functions/Engine_MaterialFunctions03/Math/WithinRangeFloat2.uasset" 432
"../../../Engine/Content/Functions/Engine_MaterialFunctions03/Math/WithinRangeFloat2.uexp" 433
"../../../Engine/Content/EditorLandscapeResources/MaskBrushMaterial.uasset" 434
"../../../Engine/Content/EditorLandscapeResources/MaskBrushMaterial.uexp" 435
"../../../Engine/Content/EditorLandscapeResources/MaskBrushMaterial_MaskedRegion.uasset" 436
"../../../Engine/Content/EditorLandscapeResources/MaskBrushMaterial_MaskedRegion.uexp" 437
"../../../Engine/Content/BasicShapes/Cube.ubulk" 438
"../../../Engine/Content/BasicShapes/Cube.uasset" 439
"../../../Engine/Content/BasicShapes/Cube.uexp" 440
"../../../Engine/Plugins/Animation/ControlRig/Content/Controls/ControlRig_Arrow_1mm.ubulk" 441
"../../../Engine/Plugins/Animation/ControlRig/Content/Controls/ControlRig_Arrow_1mm.uasset" 442
"../../../Engine/Plugins/Animation/ControlRig/Content/Controls/ControlRig_Arrow_1mm.uexp" 443
"../../../Engine/Plugins/Animation/ControlRig/Content/Controls/ControlRig_Arrow4_solid.ubulk" 444
"../../../Engine/Plugins/Animation/ControlRig/Content/Controls/ControlRig_Arrow4_solid.uasset" 445
"../../../Engine/Plugins/Animation/ControlRig/Content/Controls/ControlRig_Arrow4_solid.uexp" 446
"../../../Engine/Plugins/Animation/ControlRig/Content/Controls/ControlRig_HalfCircle_solid.ubulk" 447
"../../../Engine/Plugins/Animation/ControlRig/Content/Controls/ControlRig_HalfCircle_solid.uasset" 448
"../../../Engine/Plugins/Animation/ControlRig/Content/Controls/ControlRig_HalfCircle_solid.uexp" 449
"../../../Engine/Plugins/Animation/ControlRig/Content/Controls/ControlRig_HalfCircle_3mm.ubulk" 450
"../../../Engine/Plugins/Animation/ControlRig/Content/Controls/ControlRig_HalfCircle_3mm.uasset" 451
"../../../Engine/Plugins/Animation/ControlRig/Content/Controls/ControlRig_HalfCircle_3mm.uexp" 452
"../../../Engine/Plugins/Animation/ControlRig/Content/Controls/ControlRig_HalfCircle_1mm.ubulk" 453
"../../../Engine/Plugins/Animation/ControlRig/Content/Controls/ControlRig_HalfCircle_1mm.uasset" 454
"../../../Engine/Plugins/Animation/ControlRig/Content/Controls/ControlRig_HalfCircle_1mm.uexp" 455
"../../../Engine/Plugins/Animation/ControlRig/Content/Controls/ControlRig_Diamond_solid.ubulk" 456
"../../../Engine/Plugins/Animation/ControlRig/Content/Controls/ControlRig_Diamond_solid.uasset" 457
"../../../Engine/Plugins/Animation/ControlRig/Content/Controls/ControlRig_Diamond_solid.uexp" 458
"../../../Engine/Plugins/Animation/ControlRig/Content/Controls/ControlRig_Diamond_3mm.ubulk" 459
"../../../Engine/Plugins/Animation/ControlRig/Content/Controls/ControlRig_Diamond_3mm.uasset" 460
"../../../Engine/Plugins/Animation/ControlRig/Content/Controls/ControlRig_Diamond_3mm.uexp" 461
"../../../Engine/Plugins/Animation/ControlRig/Content/Controls/ControlRig_Diamond_1mm.ubulk" 462
"../../../Engine/Plugins/Animation/ControlRig/Content/Controls/ControlRig_Diamond_1mm.uasset" 463
"../../../Engine/Plugins/Animation/ControlRig/Content/Controls/ControlRig_Diamond_1mm.uexp" 464
"../../../Engine/Plugins/Animation/ControlRig/Content/Controls/ControlRig_Circle_solid.ubulk" 465
"../../../Engine/Plugins/Animation/ControlRig/Content/Controls/ControlRig_Circle_solid.uasset" 466
"../../../Engine/Plugins/Animation/ControlRig/Content/Controls/ControlRig_Circle_solid.uexp" 467
"../../../Engine/Plugins/Animation/ControlRig/Content/Controls/ControlRig_Circle_3mm.ubulk" 468
"../../../Engine/Plugins/Animation/ControlRig/Content/Controls/ControlRig_Circle_3mm.uasset" 469
"../../../Engine/Plugins/Animation/ControlRig/Content/Controls/ControlRig_Circle_3mm.uexp" 470
"../../../Engine/Plugins/Animation/ControlRig/Content/Controls/ControlRig_Circle_1mm.ubulk" 471
"../../../Engine/Plugins/Animation/ControlRig/Content/Controls/ControlRig_Circle_1mm.uasset" 472
"../../../Engine/Plugins/Animation/ControlRig/Content/Controls/ControlRig_Circle_1mm.uexp" 473
"../../../Engine/Plugins/Animation/ControlRig/Content/Controls/ControlRig_Box_solid.ubulk" 474
"../../../Engine/Plugins/Animation/ControlRig/Content/Controls/ControlRig_Box_solid.uasset" 475
"../../../Engine/Plugins/Animation/ControlRig/Content/Controls/ControlRig_Box_solid.uexp" 476
"../../../Engine/Plugins/Animation/ControlRig/Content/Controls/ControlRig_Box_3mm.ubulk" 477
"../../../Engine/Plugins/Animation/ControlRig/Content/Controls/ControlRig_Box_3mm.uasset" 478
"../../../Engine/Plugins/Animation/ControlRig/Content/Controls/ControlRig_Box_3mm.uexp" 479
"../../../Engine/Plugins/Animation/ControlRig/Content/Controls/ControlRig_Box_1mm.ubulk" 480
"../../../Engine/Plugins/Animation/ControlRig/Content/Controls/ControlRig_Box_1mm.uasset" 481
"../../../Engine/Plugins/Animation/ControlRig/Content/Controls/ControlRig_Box_1mm.uexp" 482
"../../../Engine/Plugins/Animation/ControlRig/Content/Controls/ControlRig_Arrow_solid.ubulk" 483
"../../../Engine/Plugins/Animation/ControlRig/Content/Controls/ControlRig_Arrow_solid.uasset" 484
"../../../Engine/Plugins/Animation/ControlRig/Content/Controls/ControlRig_Arrow_solid.uexp" 485
"../../../Engine/Plugins/Animation/ControlRig/Content/Controls/ControlRig_Arrow_3mm.ubulk" 486
"../../../Engine/Plugins/Animation/ControlRig/Content/Controls/ControlRig_Arrow_3mm.uasset" 487
"../../../Engine/Plugins/Animation/ControlRig/Content/Controls/ControlRig_Arrow_3mm.uexp" 488
"../../../Engine/Plugins/Animation/ControlRig/Content/Controls/ControlRig_Arrow4_3mm.ubulk" 489
"../../../Engine/Plugins/Animation/ControlRig/Content/Controls/ControlRig_Arrow4_3mm.uasset" 490
"../../../Engine/Plugins/Animation/ControlRig/Content/Controls/ControlRig_Arrow4_3mm.uexp" 491
"../../../Engine/Plugins/Animation/ControlRig/Content/Controls/ControlRig_Arrow4_1mm.ubulk" 492
"../../../Engine/Plugins/Animation/ControlRig/Content/Controls/ControlRig_Arrow4_1mm.uasset" 493
"../../../Engine/Plugins/Animation/ControlRig/Content/Controls/ControlRig_Arrow4_1mm.uexp" 494
"../../../Engine/Plugins/Animation/ControlRig/Content/Controls/ControlRig_Arrow2_solid.ubulk" 495
"../../../Engine/Plugins/Animation/ControlRig/Content/Controls/ControlRig_Arrow2_solid.uasset" 496
"../../../Engine/Plugins/Animation/ControlRig/Content/Controls/ControlRig_Arrow2_solid.uexp" 497
"../../../Engine/Plugins/Animation/ControlRig/Content/Controls/ControlRig_Arrow2_3mm.ubulk" 498
"../../../Engine/Plugins/Animation/ControlRig/Content/Controls/ControlRig_Arrow2_3mm.uasset" 499
"../../../Engine/Plugins/Animation/ControlRig/Content/Controls/ControlRig_Arrow2_3mm.uexp" 500
"../../../Engine/Plugins/Animation/ControlRig/Content/Controls/ControlRig_Arrow2_1mm.ubulk" 501
"../../../Engine/Plugins/Animation/ControlRig/Content/Controls/ControlRig_Arrow2_1mm.uasset" 502
"../../../Engine/Plugins/Animation/ControlRig/Content/Controls/ControlRig_Arrow2_1mm.uexp" 503
"../../../Engine/Plugins/Animation/ControlRig/Content/Controls/ControlRig_Sphere_solid.ubulk" 504
"../../../Engine/Plugins/Animation/ControlRig/Content/Controls/ControlRig_Sphere_solid.uasset" 505
"../../../Engine/Plugins/Animation/ControlRig/Content/Controls/ControlRig_Sphere_solid.uexp" 506
"../../../Engine/Content/BasicShapes/Plane.ubulk" 507
"../../../Engine/Content/BasicShapes/Plane.uasset" 508
"../../../Engine/Content/BasicShapes/Plane.uexp" 509
"../../../Engine/Content/VREditor/TransformGizmo/BoundingBoxCorner.ubulk" 510
"../../../Engine/Content/VREditor/TransformGizmo/BoundingBoxCorner.uasset" 511
"../../../Engine/Content/VREditor/TransformGizmo/BoundingBoxCorner.uexp" 512
"../../../Engine/Content/VREditor/TransformGizmo/BoundingBoxEdge.ubulk" 513
"../../../Engine/Content/VREditor/TransformGizmo/BoundingBoxEdge.uasset" 514
"../../../Engine/Content/VREditor/TransformGizmo/BoundingBoxEdge.uexp" 515
"../../../Engine/Plugins/2D/Paper2D/Content/PlaceholderTextures/DummySpriteTexture.ubulk" 516
"../../../Engine/Plugins/2D/Paper2D/Content/PlaceholderTextures/DummySpriteTexture.uasset" 517
"../../../Engine/Plugins/2D/Paper2D/Content/PlaceholderTextures/DummySpriteTexture.uexp" 518
"../../../Engine/Plugins/2D/Paper2D/Content/DefaultSpriteMaterial.uasset" 519
"../../../Engine/Plugins/2D/Paper2D/Content/DefaultSpriteMaterial.uexp" 520
"../../../Engine/Plugins/2D/Paper2D/Content/MaskedUnlitSpriteMaterial.uasset" 521
"../../../Engine/Plugins/2D/Paper2D/Content/MaskedUnlitSpriteMaterial.uexp" 522
"../../../Engine/Plugins/Experimental/MeshModelingToolsetExp/Content/Materials/GetDisplacementVectorForDepthBias.uasset" 523
"../../../Engine/Plugins/Experimental/MeshModelingToolsetExp/Content/Materials/GetDisplacementVectorForDepthBias.uexp" 524
"../../../Engine/Content/Functions/Engine_MaterialFunctions03/Viewport/MF_OrthoWidth.uasset" 525
"../../../Engine/Content/Functions/Engine_MaterialFunctions03/Viewport/MF_OrthoWidth.uexp" 526
"../../../Engine/Content/Functions/Engine_MaterialFunctions02/Utility/FOV.uasset" 527
"../../../Engine/Content/Functions/Engine_MaterialFunctions02/Utility/FOV.uexp" 528
"../../../Engine/Plugins/Experimental/MeshModelingToolsetExp/Content/Materials/PointSetOverlaidComponentMaterial.uasset" 529
"../../../Engine/Plugins/Experimental/MeshModelingToolsetExp/Content/Materials/PointSetOverlaidComponentMaterial.uexp" 530
"../../../Engine/Content/Functions/Engine_MaterialFunctions02/Math/ProjectVectorOntoPlane.uasset" 531
"../../../Engine/Content/Functions/Engine_MaterialFunctions02/Math/ProjectVectorOntoPlane.uexp" 532
"../../../Engine/Plugins/Experimental/MeshModelingToolsetExp/Content/Materials/LineSetOverlaidComponentMaterial.uasset" 533
"../../../Engine/Plugins/Experimental/MeshModelingToolsetExp/Content/Materials/LineSetOverlaidComponentMaterial.uexp" 534
"../../../Engine/Plugins/Animation/ControlRig/Content/Controls/ControlRig_Triangle_solid.ubulk" 535
"../../../Engine/Plugins/Animation/ControlRig/Content/Controls/ControlRig_Triangle_solid.uasset" 536
"../../../Engine/Plugins/Animation/ControlRig/Content/Controls/ControlRig_Triangle_solid.uexp" 537
"../../../Engine/Plugins/Animation/ControlRig/Content/Controls/ControlRig_Triangle_3mm.ubulk" 538
"../../../Engine/Plugins/Animation/ControlRig/Content/Controls/ControlRig_Triangle_3mm.uasset" 539
"../../../Engine/Plugins/Animation/ControlRig/Content/Controls/ControlRig_Triangle_3mm.uexp" 540
"../../../Engine/Plugins/Animation/ControlRig/Content/Controls/ControlRig_Triangle_1mm.ubulk" 541
"../../../Engine/Plugins/Animation/ControlRig/Content/Controls/ControlRig_Triangle_1mm.uasset" 542
"../../../Engine/Plugins/Animation/ControlRig/Content/Controls/ControlRig_Triangle_1mm.uexp" 543
"../../../Engine/Plugins/Animation/ControlRig/Content/Controls/ControlRig_Star4_solid.ubulk" 544
"../../../Engine/Plugins/Animation/ControlRig/Content/Controls/ControlRig_Star4_solid.uasset" 545
"../../../Engine/Plugins/Animation/ControlRig/Content/Controls/ControlRig_Star4_solid.uexp" 546
"../../../Engine/Plugins/Animation/ControlRig/Content/Controls/ControlRig_Star4_3mm.ubulk" 547
"../../../Engine/Plugins/Animation/ControlRig/Content/Controls/ControlRig_Star4_3mm.uasset" 548
"../../../Engine/Plugins/Animation/ControlRig/Content/Controls/ControlRig_Star4_3mm.uexp" 549
"../../../Engine/Plugins/Animation/ControlRig/Content/Controls/ControlRig_Star4_1mm.ubulk" 550
"../../../Engine/Plugins/Animation/ControlRig/Content/Controls/ControlRig_Star4_1mm.uasset" 551
"../../../Engine/Plugins/Animation/ControlRig/Content/Controls/ControlRig_Star4_1mm.uexp" 552
"../../../Engine/Plugins/Animation/ControlRig/Content/Controls/ControlRig_Square_solid.ubulk" 553
"../../../Engine/Plugins/Animation/ControlRig/Content/Controls/ControlRig_Square_solid.uasset" 554
"../../../Engine/Plugins/Animation/ControlRig/Content/Controls/ControlRig_Square_solid.uexp" 555
"../../../Engine/Plugins/Animation/ControlRig/Content/Controls/ControlRig_Square_3mm.ubulk" 556
"../../../Engine/Plugins/Animation/ControlRig/Content/Controls/ControlRig_Square_3mm.uasset" 557
"../../../Engine/Plugins/Animation/ControlRig/Content/Controls/ControlRig_Square_3mm.uexp" 558
"../../../Engine/Plugins/Animation/ControlRig/Content/Controls/ControlRig_Square_1mm.ubulk" 559
"../../../Engine/Plugins/Animation/ControlRig/Content/Controls/ControlRig_Square_1mm.uasset" 560
"../../../Engine/Plugins/Animation/ControlRig/Content/Controls/ControlRig_Square_1mm.uexp" 561
"../../../Engine/Plugins/Animation/ControlRig/Content/Controls/ControlRig_Sphere_3mm.ubulk" 562
"../../../Engine/Plugins/Animation/ControlRig/Content/Controls/ControlRig_Sphere_3mm.uasset" 563
"../../../Engine/Plugins/Animation/ControlRig/Content/Controls/ControlRig_Sphere_3mm.uexp" 564
"../../../Engine/Plugins/Animation/ControlRig/Content/Controls/ControlRig_Sphere_1mm.ubulk" 565
"../../../Engine/Plugins/Animation/ControlRig/Content/Controls/ControlRig_Sphere_1mm.uasset" 566
"../../../Engine/Plugins/Animation/ControlRig/Content/Controls/ControlRig_Sphere_1mm.uexp" 567
"../../../Engine/Plugins/Animation/ControlRig/Content/Controls/ControlRig_RoundedTriangle_solid.ubulk" 568
"../../../Engine/Plugins/Animation/ControlRig/Content/Controls/ControlRig_RoundedTriangle_solid.uasset" 569
"../../../Engine/Plugins/Animation/ControlRig/Content/Controls/ControlRig_RoundedTriangle_solid.uexp" 570
"../../../Engine/Plugins/Animation/ControlRig/Content/Controls/ControlRig_RoundedTriangle_3mm.ubulk" 571
"../../../Engine/Plugins/Animation/ControlRig/Content/Controls/ControlRig_RoundedTriangle_3mm.uasset" 572
"../../../Engine/Plugins/Animation/ControlRig/Content/Controls/ControlRig_RoundedTriangle_3mm.uexp" 573
"../../../Engine/Plugins/2D/Paper2D/Content/DummySprite.uasset" 574
"../../../Engine/Plugins/2D/Paper2D/Content/DummySprite.uexp" 575
"../../../Engine/Plugins/2D/Paper2D/Content/DefaultPaperTerrainMaterial.uasset" 576
"../../../Engine/Plugins/2D/Paper2D/Content/DefaultPaperTerrainMaterial.uexp" 577
"../../../Engine/Content/EditorLandscapeResources/WhiteSquareTexture.uasset" 578
"../../../Engine/Content/EditorLandscapeResources/WhiteSquareTexture.uexp" 579
"../../../Engine/Content/EditorLandscapeResources/SelectBrushMaterial.uasset" 580
"../../../Engine/Content/EditorLandscapeResources/SelectBrushMaterial.uexp" 581
"../../../Engine/Content/EditorLandscapeResources/SelectBrushMaterial_Selected.uasset" 582
"../../../Engine/Content/EditorLandscapeResources/SelectBrushMaterial_Selected.uexp" 583
"../../../Engine/Content/EditorLandscapeResources/ColorMaskBrushMaterial.uasset" 584
"../../../Engine/Content/EditorLandscapeResources/ColorMaskBrushMaterial.uexp" 585
"../../../Engine/Content/EditorLandscapeResources/ColorMaskBrushMaterial_MaskedRegion.uasset" 586
"../../../Engine/Content/EditorLandscapeResources/ColorMaskBrushMaterial_MaskedRegion.uexp" 587
"../../../Engine/Plugins/Animation/ControlRig/Content/Controls/ControlRig_Octagon_3mm.ubulk" 588
"../../../Engine/Plugins/Animation/ControlRig/Content/Controls/ControlRig_Octagon_3mm.uasset" 589
"../../../Engine/Plugins/Animation/ControlRig/Content/Controls/ControlRig_Octagon_3mm.uexp" 590
"../../../Engine/Plugins/Animation/ControlRig/Content/Controls/ControlRig_Wedge_solid.ubulk" 591
"../../../Engine/Plugins/Animation/ControlRig/Content/Controls/ControlRig_Wedge_solid.uasset" 592
"../../../Engine/Plugins/Animation/ControlRig/Content/Controls/ControlRig_Wedge_solid.uexp" 593
"../../../Engine/Plugins/Animation/ControlRig/Content/Controls/ControlRig_Wedge_1mm.ubulk" 594
"../../../Engine/Plugins/Animation/ControlRig/Content/Controls/ControlRig_Wedge_1mm.uasset" 595
"../../../Engine/Plugins/Animation/ControlRig/Content/Controls/ControlRig_Wedge_1mm.uexp" 596
"../../../Engine/Plugins/Animation/ControlRig/Content/Controls/ControlRig_QuarterCircle_1mm.ubulk" 597
"../../../Engine/Plugins/Animation/ControlRig/Content/Controls/ControlRig_QuarterCircle_1mm.uasset" 598
"../../../Engine/Plugins/Animation/ControlRig/Content/Controls/ControlRig_QuarterCircle_1mm.uexp" 599
"../../../Engine/Plugins/Animation/ControlRig/Content/Controls/ControlRig_Pyramid_solid.ubulk" 600
"../../../Engine/Plugins/Animation/ControlRig/Content/Controls/ControlRig_Pyramid_solid.uasset" 601
"../../../Engine/Plugins/Animation/ControlRig/Content/Controls/ControlRig_Pyramid_solid.uexp" 602
"../../../Engine/Plugins/2D/Paper2D/Content/OpaqueUnlitSpriteMaterial.uasset" 603
"../../../Engine/Plugins/2D/Paper2D/Content/OpaqueUnlitSpriteMaterial.uexp" 604
"../../../Engine/Plugins/Animation/ControlRig/Content/Controls/ControlRig_RoundedTriangle_1mm.ubulk" 605
"../../../Engine/Plugins/Animation/ControlRig/Content/Controls/ControlRig_RoundedTriangle_1mm.uasset" 606
"../../../Engine/Plugins/Animation/ControlRig/Content/Controls/ControlRig_RoundedTriangle_1mm.uexp" 607
"../../../Engine/Plugins/Animation/ControlRig/Content/Controls/ControlRig_RoundedSquare_solid.ubulk" 608
"../../../Engine/Plugins/Animation/ControlRig/Content/Controls/ControlRig_RoundedSquare_solid.uasset" 609
"../../../Engine/Plugins/Animation/ControlRig/Content/Controls/ControlRig_RoundedSquare_solid.uexp" 610
"../../../Engine/Plugins/Animation/ControlRig/Content/Controls/ControlRig_RoundedSquare_3mm.ubulk" 611
"../../../Engine/Plugins/Animation/ControlRig/Content/Controls/ControlRig_RoundedSquare_3mm.uasset" 612
"../../../Engine/Plugins/Animation/ControlRig/Content/Controls/ControlRig_RoundedSquare_3mm.uexp" 613
"../../../Engine/Plugins/Animation/ControlRig/Content/Controls/ControlRig_RoundedSquare_1mm.ubulk" 614
"../../../Engine/Plugins/Animation/ControlRig/Content/Controls/ControlRig_RoundedSquare_1mm.uasset" 615
"../../../Engine/Plugins/Animation/ControlRig/Content/Controls/ControlRig_RoundedSquare_1mm.uexp" 616
"../../../Engine/Plugins/Animation/ControlRig/Content/Controls/ControlRig_QuarterCircle_solid.ubulk" 617
"../../../Engine/Plugins/Animation/ControlRig/Content/Controls/ControlRig_QuarterCircle_solid.uasset" 618
"../../../Engine/Plugins/Animation/ControlRig/Content/Controls/ControlRig_QuarterCircle_solid.uexp" 619
"../../../Engine/Plugins/Animation/ControlRig/Content/Controls/ControlRig_QuarterCircle_3mm.ubulk" 620
"../../../Engine/Plugins/Animation/ControlRig/Content/Controls/ControlRig_QuarterCircle_3mm.uasset" 621
"../../../Engine/Plugins/Animation/ControlRig/Content/Controls/ControlRig_QuarterCircle_3mm.uexp" 622
"../../../Engine/Plugins/Animation/ControlRig/Content/Controls/ControlRig_Wedge_3mm.ubulk" 623
"../../../Engine/Plugins/Animation/ControlRig/Content/Controls/ControlRig_Wedge_3mm.uasset" 624
"../../../Engine/Plugins/Animation/ControlRig/Content/Controls/ControlRig_Wedge_3mm.uexp" 625
"../../../Engine/Plugins/Animation/ControlRig/Content/Controls/ControlRig_Pyramid_3mm.ubulk" 626
"../../../Engine/Plugins/Animation/ControlRig/Content/Controls/ControlRig_Pyramid_3mm.uasset" 627
"../../../Engine/Plugins/Animation/ControlRig/Content/Controls/ControlRig_Pyramid_3mm.uexp" 628
"../../../Engine/Plugins/Animation/ControlRig/Content/Controls/ControlRig_Pyramid_1mm.ubulk" 629
"../../../Engine/Plugins/Animation/ControlRig/Content/Controls/ControlRig_Pyramid_1mm.uasset" 630
"../../../Engine/Plugins/Animation/ControlRig/Content/Controls/ControlRig_Pyramid_1mm.uexp" 631
"../../../Engine/Plugins/Animation/ControlRig/Content/Controls/ControlRig_Octagon_solid.ubulk" 632
"../../../Engine/Plugins/Animation/ControlRig/Content/Controls/ControlRig_Octagon_solid.uasset" 633
"../../../Engine/Plugins/Animation/ControlRig/Content/Controls/ControlRig_Octagon_solid.uexp" 634
"../../../Engine/Content/EngineMaterials/DefaultMaterial.uasset" 635
"../../../Engine/Content/EngineMaterials/DefaultMaterial.uexp" 636
"../../../Engine/Content/BasicShapes/Sphere.ubulk" 637
"../../../Engine/Content/BasicShapes/Sphere.uasset" 638
"../../../Engine/Content/BasicShapes/Sphere.uexp" 639
"../../../Engine/Plugins/Animation/ControlRig/Content/Controls/ControlRig_Octagon_1mm.ubulk" 640
"../../../Engine/Plugins/Animation/ControlRig/Content/Controls/ControlRig_Octagon_1mm.uasset" 641
"../../../Engine/Plugins/Animation/ControlRig/Content/Controls/ControlRig_Octagon_1mm.uexp" 642
"../../../Engine/Content/EditorLandscapeResources/SelectBrushMaterial_SelectedRegion.uasset" 643
"../../../Engine/Content/EditorLandscapeResources/SelectBrushMaterial_SelectedRegion.uexp" 644
"../../../Engine/Content/BasicShapes/Cone.ubulk" 645
"../../../Engine/Content/BasicShapes/Cone.uasset" 646
"../../../Engine/Content/BasicShapes/Cone.uexp" 647
"../../../Engine/Content/BasicShapes/Cylinder.ubulk" 648
"../../../Engine/Content/BasicShapes/Cylinder.uasset" 649
"../../../Engine/Content/BasicShapes/Cylinder.uexp" 650
"../../../Engine/Content/EngineMaterials/DefaultDeferredDecalMaterial.uasset" 651
"../../../Engine/Content/EngineMaterials/DefaultDeferredDecalMaterial.uexp" 652
"../../../Engine/Content/EngineDebugMaterials/VolumeToRender.uasset" 653
"../../../Engine/Content/EngineDebugMaterials/VolumeToRender.uexp" 654
"../../../Engine/Content/EngineDebugMaterials/M_VolumeRenderSphereTracePP.uasset" 655
"../../../Engine/Content/EngineDebugMaterials/M_VolumeRenderSphereTracePP.uexp" 656
"../../../Engine/Content/EditorLandscapeResources/SplineEditorMeshMat.uasset" 657
"../../../Engine/Content/EditorLandscapeResources/SplineEditorMeshMat.uexp" 658
"../../../Engine/Content/EditorLandscapeResources/SplineEditorMesh.ubulk" 659
"../../../Engine/Content/EditorLandscapeResources/SplineEditorMesh.uasset" 660
"../../../Engine/Content/EditorLandscapeResources/SplineEditorMesh.uexp" 661
"../../../Engine/Content/EngineMaterials/HairColorMap.uasset" 662
"../../../Engine/Content/EngineMaterials/HairColorMap.uexp" 663
"../../../Engine/Content/EngineMaterials/HairDebugColor.uasset" 664
"../../../Engine/Content/EngineMaterials/HairDebugColor.uexp" 665
"../../../Engine/Plugins/Runtime/HairStrands/Content/Materials/HairGroupColors.uasset" 666
"../../../Engine/Plugins/Runtime/HairStrands/Content/Materials/HairGroupColors.uexp" 667
"../../../Engine/Plugins/Runtime/HairStrands/Content/Materials/HairDebugMaterial.uasset" 668
"../../../Engine/Plugins/Runtime/HairStrands/Content/Materials/HairDebugMaterial.uexp" 669
"../../../Engine/Content/EngineMaterials/DefaultPostProcessMaterial.uasset" 670
"../../../Engine/Content/EngineMaterials/DefaultPostProcessMaterial.uexp" 671
"../../../Engine/Content/EngineFonts/Faces/DroidSansFallback.uexp" 672
"../../../Engine/Content/EngineFonts/Faces/DroidSansFallback.uasset" 673
"../../../Engine/Content/EngineFonts/Faces/DroidSansFallback.ufont" 674
"../../../Engine/Content/EngineFonts/Faces/RobotoBold.uexp" 675
"../../../Engine/Content/EngineFonts/Faces/RobotoBold.uasset" 676
"../../../Engine/Content/EngineFonts/Faces/RobotoBold.ufont" 677
"../../../Engine/Content/EngineFonts/Faces/RobotoBoldItalic.uexp" 678
"../../../Engine/Content/EngineFonts/Faces/RobotoBoldItalic.uasset" 679
"../../../Engine/Content/EngineFonts/Faces/RobotoBoldItalic.ufont" 680
"../../../Engine/Content/EngineFonts/Faces/RobotoItalic.uexp" 681
"../../../Engine/Content/EngineFonts/Faces/RobotoItalic.uasset" 682
"../../../Engine/Content/EngineFonts/Faces/RobotoItalic.ufont" 683
"../../../Engine/Content/EngineFonts/Faces/RobotoLight.uexp" 684
"../../../Engine/Content/EngineFonts/Faces/RobotoLight.uasset" 685
"../../../Engine/Content/EngineFonts/Faces/RobotoLight.ufont" 686
"../../../Engine/Content/EngineFonts/Faces/RobotoRegular.uexp" 687
"../../../Engine/Content/EngineFonts/Faces/RobotoRegular.uasset" 688
"../../../Engine/Content/EngineFonts/Faces/RobotoRegular.ufont" 689
"../../../Engine/Content/EngineFonts/Roboto.uasset" 690
"../../../Engine/Content/EngineFonts/Roboto.uexp" 691
"../../../Engine/Content/EditorMaterials/Dataflow/T_CheckerBoard.uasset" 692
"../../../Engine/Content/EditorMaterials/Dataflow/T_CheckerBoard.uexp" 693
"../../../Engine/Content/EditorMaterials/Dataflow/M_Dataflow_CheckerBoard.uasset" 694
"../../../Engine/Content/EditorMaterials/Dataflow/M_Dataflow_CheckerBoard.uexp" 695
"../../../Engine/Content/EngineFonts/RobotoDistanceField.uasset" 696
"../../../Engine/Content/EngineFonts/RobotoDistanceField.uexp" 697
"../../../Engine/Content/EngineMaterials/DefaultTextMaterialOpaque.uasset" 698
"../../../Engine/Content/EngineMaterials/DefaultTextMaterialOpaque.uexp" 699
"../../../Engine/Content/VREditor/TransformGizmo/Main.uasset" 700
"../../../Engine/Content/VREditor/TransformGizmo/Main.uexp" 701
"../../../Engine/Content/VREditor/TransformGizmo/Xray.uasset" 702
"../../../Engine/Content/VREditor/TransformGizmo/Xray.uexp" 703
"../../../Engine/Content/VREditor/TransformGizmo/SM_Sequencer_Node.ubulk" 704
"../../../Engine/Content/VREditor/TransformGizmo/SM_Sequencer_Node.uasset" 705
"../../../Engine/Content/VREditor/TransformGizmo/SM_Sequencer_Node.uexp" 706
"../../../Engine/Content/EditorLandscapeResources/LayerVisMaterial.uasset" 707
"../../../Engine/Content/EditorLandscapeResources/LayerVisMaterial.uexp" 708
"../../../Engine/Content/Functions/Engine_MaterialFunctions02/WorldPositionOffset/CameraOffset.uasset" 709
"../../../Engine/Content/Functions/Engine_MaterialFunctions02/WorldPositionOffset/CameraOffset.uexp" 710
"../../../Engine/Plugins/Animation/ControlRig/Content/M_Manip.uasset" 711
"../../../Engine/Plugins/Animation/ControlRig/Content/M_Manip.uexp" 712
"../../../Engine/Content/EngineMaterials/PhAT_JointLimitMaterial.uasset" 713
"../../../Engine/Content/EngineMaterials/PhAT_JointLimitMaterial.uexp" 714
"../../../Engine/Plugins/Animation/DeformerGraph/Content/DeformerFunctions/DG_Function_LinearBlendSkin_Morph_Cloth.uasset" 715
"../../../Engine/Plugins/Animation/DeformerGraph/Content/DeformerFunctions/DG_Function_LinearBlendSkin_Morph_Cloth.uexp" 716
"../../../Engine/Plugins/Animation/DeformerGraph/Content/Deformers/DG_LinearBlendSkin_Morph_Cloth.uasset" 717
"../../../Engine/Plugins/Animation/DeformerGraph/Content/Deformers/DG_LinearBlendSkin_Morph_Cloth.uexp" 718
"../../../Engine/Plugins/Animation/DeformerGraph/Content/DeformerFunctions/DG_Function_ComputeNormalsTangents.uasset" 719
"../../../Engine/Plugins/Animation/DeformerGraph/Content/DeformerFunctions/DG_Function_ComputeNormalsTangents.uexp" 720
"../../../Engine/Plugins/Animation/DeformerGraph/Content/DeformerFunctions/DG_Function_LinearBlendSkin_Morph_Cloth_PositionOnly.uasset" 721
"../../../Engine/Plugins/Animation/DeformerGraph/Content/DeformerFunctions/DG_Function_LinearBlendSkin_Morph_Cloth_PositionOnly.uexp" 722
"../../../Engine/Plugins/Animation/DeformerGraph/Content/Deformers/DG_LinearBlendSkin_Morph_Cloth_RecomputeNormals.uasset" 723
"../../../Engine/Plugins/Animation/DeformerGraph/Content/Deformers/DG_LinearBlendSkin_Morph_Cloth_RecomputeNormals.uexp" 724
"../../../Engine/Content/EditorLandscapeResources/LandscapeDirtyMaterial.uasset" 725
"../../../Engine/Content/EditorLandscapeResources/LandscapeDirtyMaterial.uexp" 726
"../../../Engine/Content/EngineMaterials/DefaultWhiteGrid_Low.uasset" 727
"../../../Engine/Content/EngineMaterials/DefaultWhiteGrid_Low.uexp" 728
"../../../Engine/Content/EngineMaterials/EmissiveMeshMaterial.uasset" 729
"../../../Engine/Content/EngineMaterials/EmissiveMeshMaterial.uexp" 730
"../../../Engine/Content/EngineMaterials/InvalidLightmapSettings.ubulk" 731
"../../../Engine/Content/EngineMaterials/InvalidLightmapSettings.uasset" 732
"../../../Engine/Content/EngineMaterials/InvalidLightmapSettings.uexp" 733
"../../../Engine/Content/EngineMaterials/M_InvalidLightmapSettings.uasset" 734
"../../../Engine/Content/EngineMaterials/M_InvalidLightmapSettings.uexp" 735
"../../../Engine/Content/EngineMaterials/BaseFlattenDiffuseMap.uasset" 736
"../../../Engine/Content/EngineMaterials/BaseFlattenDiffuseMap.uexp" 737
"../../../Engine/Content/EngineMaterials/BaseFlattenEmissiveMap.uasset" 738
"../../../Engine/Content/EngineMaterials/BaseFlattenEmissiveMap.uexp" 739
"../../../Engine/Content/EngineMaterials/BaseFlattenGrayscaleMap.uasset" 740
"../../../Engine/Content/EngineMaterials/BaseFlattenGrayscaleMap.uexp" 741
"../../../Engine/Content/EngineMaterials/BaseFlattenLinearColor.uasset" 742
"../../../Engine/Content/EngineMaterials/BaseFlattenLinearColor.uexp" 743
"../../../Engine/Content/EngineMaterials/BaseFlattenNormalMap.uasset" 744
"../../../Engine/Content/EngineMaterials/BaseFlattenNormalMap.uexp" 745
"../../../Engine/Content/Functions/Engine_MaterialFunctions02/PivotPainter2/Black_1x1_EXR_Texture.uasset" 746
"../../../Engine/Content/Functions/Engine_MaterialFunctions02/PivotPainter2/Black_1x1_EXR_Texture.uexp" 747
"../../../Engine/Content/EngineMaterials/FlattenMaterial.uasset" 748
"../../../Engine/Content/EngineMaterials/FlattenMaterial.uexp" 749
"../../../Engine/Content/EngineMaterials/BaseFlattenDiffuseMap_VT.ubulk" 750
"../../../Engine/Content/EngineMaterials/BaseFlattenDiffuseMap_VT.uasset" 751
"../../../Engine/Content/EngineMaterials/BaseFlattenDiffuseMap_VT.uexp" 752
"../../../Engine/Content/EngineMaterials/BaseFlattenEmissiveMap_VT.ubulk" 753
"../../../Engine/Content/EngineMaterials/BaseFlattenEmissiveMap_VT.uasset" 754
"../../../Engine/Content/EngineMaterials/BaseFlattenEmissiveMap_VT.uexp" 755
"../../../Engine/Content/EngineMaterials/BaseFlattenGrayscaleMap_VT.ubulk" 756
"../../../Engine/Content/EngineMaterials/BaseFlattenGrayscaleMap_VT.uasset" 757
"../../../Engine/Content/EngineMaterials/BaseFlattenGrayscaleMap_VT.uexp" 758
"../../../Engine/Content/EngineMaterials/BaseFlattenLinearColor_VT.ubulk" 759
"../../../Engine/Content/EngineMaterials/BaseFlattenLinearColor_VT.uasset" 760
"../../../Engine/Content/EngineMaterials/BaseFlattenLinearColor_VT.uexp" 761
"../../../Engine/Content/EngineMaterials/BaseFlattenNormalMap_VT.ubulk" 762
"../../../Engine/Content/EngineMaterials/BaseFlattenNormalMap_VT.uasset" 763
"../../../Engine/Content/EngineMaterials/BaseFlattenNormalMap_VT.uexp" 764
"../../../Engine/Content/EngineMaterials/Black_1x1_EXR_Texture_VT.ubulk" 765
"../../../Engine/Content/EngineMaterials/Black_1x1_EXR_Texture_VT.uasset" 766
"../../../Engine/Content/EngineMaterials/Black_1x1_EXR_Texture_VT.uexp" 767
"../../../Engine/Content/EngineMaterials/FlattenMaterial_VT.uasset" 768
"../../../Engine/Content/EngineMaterials/FlattenMaterial_VT.uexp" 769
"../../../Engine/Content/EngineMaterials/FlattenMaterial_WS_Normal_VT.uasset" 770
"../../../Engine/Content/EngineMaterials/FlattenMaterial_WS_Normal_VT.uexp" 771
"../../../Engine/Content/MobileResources/HUD/VirtualJoystick_Background.uasset" 772
"../../../Engine/Content/MobileResources/HUD/VirtualJoystick_Background.uexp" 773
"../../../Engine/Content/MobileResources/HUD/VirtualJoystick_Thumb.uasset" 774
"../../../Engine/Content/MobileResources/HUD/VirtualJoystick_Thumb.uexp" 775
"../../../Engine/Content/MobileResources/HUD/DefaultVirtualJoysticks.uasset" 776
"../../../Engine/Content/MobileResources/HUD/DefaultVirtualJoysticks.uexp" 777
"../../../Engine/Content/Functions/Engine_MaterialFunctions03/Procedurals/HeightToNormalSmooth.uasset" 778
"../../../Engine/Content/Functions/Engine_MaterialFunctions03/Procedurals/HeightToNormalSmooth.uexp" 779
"../../../Engine/Plugins/Interchange/Assets/Content/Functions/MX_Displacement.uasset" 780
"../../../Engine/Plugins/Interchange/Assets/Content/Functions/MX_Displacement.uexp" 781
"../../../Engine/Plugins/Interchange/Assets/Content/Functions/MX_Surface.uasset" 782
"../../../Engine/Plugins/Interchange/Assets/Content/Functions/MX_Surface.uexp" 783
"../../../Engine/Content/EngineMaterials/DefaultCalibrationGrayscale.uasset" 784
"../../../Engine/Content/EngineMaterials/DefaultCalibrationGrayscale.uexp" 785
"../../../Engine/Content/EngineMaterials/PPM_DefaultCalibrationGrayscale.uasset" 786
"../../../Engine/Content/EngineMaterials/PPM_DefaultCalibrationGrayscale.uexp" 787
"../../../Engine/Content/EngineMaterials/Substrate/GLints/AGlintTex2dArray.uasset" 788
"../../../Engine/Content/EngineMaterials/Substrate/GLints/AGlintTex2dArray.uexp" 789
"../../../Engine/Content/EngineMaterials/Substrate/Volume/SubstrateSimpleVolumeEnvLUT3D.uasset" 790
"../../../Engine/Content/EngineMaterials/Substrate/Volume/SubstrateSimpleVolumeEnvLUT3D.uexp" 791
"../../../Engine/Content/EngineMaterials/Substrate/Volume/SubstrateSimpleVolumeLUT3D.uasset" 792
"../../../Engine/Content/EngineMaterials/Substrate/Volume/SubstrateSimpleVolumeLUT3D.uexp" 793
"../../../Engine/Content/EngineMaterials/Hair/Hair_DirectionalAlbedo.uasset" 794
"../../../Engine/Content/EngineMaterials/Hair/Hair_DirectionalAlbedo.uexp" 795
"../../../Engine/Content/EngineMaterials/Hair/Hair_DualScattering.uasset" 796
"../../../Engine/Content/EngineMaterials/Hair/Hair_DualScattering.uexp" 797
"../../../Engine/Content/EngineMaterials/Substrate/Glints2/AGlintTex2dArray2.uasset" 798
"../../../Engine/Content/EngineMaterials/Substrate/Glints2/AGlintTex2dArray2.uexp" 799
"../../../Engine/Content/EngineMaterials/DefaultCalibrationColor.uasset" 800
"../../../Engine/Content/EngineMaterials/DefaultCalibrationColor.uexp" 801
"../../../Engine/Content/EngineMaterials/PPM_DefaultCalibrationColor.uasset" 802
"../../../Engine/Content/EngineMaterials/PPM_DefaultCalibrationColor.uexp" 803
"H:/UnrealEnginesProjects/FalseRuler/Content/UI/Mouse_Sword.uasset" 804
"H:/UnrealEnginesProjects/FalseRuler/Content/UI/Mouse_Sword.uexp" 805
"H:/UnrealEnginesProjects/FalseRuler/Content/UI/WB_Mouse.uasset" 806
"H:/UnrealEnginesProjects/FalseRuler/Content/UI/WB_Mouse.uexp" 807
"../../../Engine/Plugins/NNE/NNEDenoiser/Content/NNEDT_Oidn2-3_Balanced_Alpha.uasset" 808
"../../../Engine/Plugins/NNE/NNEDenoiser/Content/NNEDT_Oidn2-3_Balanced_Alpha.uexp" 809
"../../../Engine/Plugins/NNE/NNEDenoiser/Content/NNEDT_Oidn2-3_Balanced.uasset" 810
"../../../Engine/Plugins/NNE/NNEDenoiser/Content/NNEDT_Oidn2-3_Balanced.uexp" 811
"../../../Engine/Plugins/NNE/NNEDenoiser/Content/NNEDTOM_Output_Default.uasset" 812
"../../../Engine/Plugins/NNE/NNEDenoiser/Content/NNEDTOM_Output_Default.uexp" 813
"../../../Engine/Plugins/NNE/NNEDenoiser/Content/NNEDTOM_Output_Alpha.uasset" 814
"../../../Engine/Plugins/NNE/NNEDenoiser/Content/NNEDTOM_Output_Alpha.uexp" 815
"../../../Engine/Plugins/NNE/NNEDenoiser/Content/NNEDTIM_ColorAlbedoNormal_Default.uasset" 816
"../../../Engine/Plugins/NNE/NNEDenoiser/Content/NNEDTIM_ColorAlbedoNormal_Default.uexp" 817
"../../../Engine/Plugins/NNE/NNEDenoiser/Content/NNEDTIM_ColorAlbedoNormal_Alpha.uasset" 818
"../../../Engine/Plugins/NNE/NNEDenoiser/Content/NNEDTIM_ColorAlbedoNormal_Alpha.uexp" 819
"../../../Engine/Plugins/NNE/NNEDenoiser/Content/NNEDOM_Output_Default.uasset" 820
"../../../Engine/Plugins/NNE/NNEDenoiser/Content/NNEDOM_Output_Default.uexp" 821
"../../../Engine/Plugins/NNE/NNEDenoiser/Content/NNEDOM_Output_Alpha.uasset" 822
"../../../Engine/Plugins/NNE/NNEDenoiser/Content/NNEDOM_Output_Alpha.uexp" 823
"../../../Engine/Plugins/NNE/NNEDenoiser/Content/NNEDIM_HighQuality_Default.uasset" 824
"../../../Engine/Plugins/NNE/NNEDenoiser/Content/NNEDIM_HighQuality_Default.uexp" 825
"../../../Engine/Plugins/NNE/NNEDenoiser/Content/NNEDIM_HighQuality_Alpha.uasset" 826
"../../../Engine/Plugins/NNE/NNEDenoiser/Content/NNEDIM_HighQuality_Alpha.uexp" 827
"../../../Engine/Plugins/NNE/NNEDenoiser/Content/NNEDIM_ColorAlbedoNormal_Default.uasset" 828
"../../../Engine/Plugins/NNE/NNEDenoiser/Content/NNEDIM_ColorAlbedoNormal_Default.uexp" 829
"../../../Engine/Plugins/NNE/NNEDenoiser/Content/NNEDIM_ColorAlbedoNormal_Alpha.uasset" 830
"../../../Engine/Plugins/NNE/NNEDenoiser/Content/NNEDIM_ColorAlbedoNormal_Alpha.uexp" 831
"../../../Engine/Plugins/NNE/NNEDenoiser/Content/NNED_Oidn2-3_HighQuality_Alpha.uasset" 832
"../../../Engine/Plugins/NNE/NNEDenoiser/Content/NNED_Oidn2-3_HighQuality_Alpha.uexp" 833
"../../../Engine/Plugins/NNE/NNEDenoiser/Content/NNED_Oidn2-3_HighQuality.uasset" 834
"../../../Engine/Plugins/NNE/NNEDenoiser/Content/NNED_Oidn2-3_HighQuality.uexp" 835
"../../../Engine/Plugins/NNE/NNEDenoiser/Content/NNED_Oidn2-3_Fast_Alpha.uasset" 836
"../../../Engine/Plugins/NNE/NNEDenoiser/Content/NNED_Oidn2-3_Fast_Alpha.uexp" 837
"../../../Engine/Plugins/NNE/NNEDenoiser/Content/NNED_Oidn2-3_Fast.uasset" 838
"../../../Engine/Plugins/NNE/NNEDenoiser/Content/NNED_Oidn2-3_Fast.uexp" 839
"../../../Engine/Plugins/NNE/NNEDenoiser/Content/NNED_Oidn2-3_Balanced_Alpha.uasset" 840
"../../../Engine/Plugins/NNE/NNEDenoiser/Content/NNED_Oidn2-3_Balanced_Alpha.uexp" 841
"../../../Engine/Plugins/NNE/NNEDenoiser/Content/NNED_Oidn2-3_Balanced.uasset" 842
"../../../Engine/Plugins/NNE/NNEDenoiser/Content/NNED_Oidn2-3_Balanced.uexp" 843
"../../../Engine/Content/EngineResources/GradientTexture0.uasset" 844
"../../../Engine/Content/EngineResources/GradientTexture0.uexp" 845
"../../../Engine/Content/EngineResources/Black.uasset" 846
"../../../Engine/Content/EngineResources/Black.uexp" 847
"../../../Engine/Content/EditorResources/S_Actor.ubulk" 848
"../../../Engine/Content/EditorResources/S_Actor.uasset" 849
"../../../Engine/Content/EditorResources/S_Actor.uexp" 850
"../../../Engine/Content/EngineMaterials/DefaultLightFunctionMaterial.uasset" 851
"../../../Engine/Content/EngineMaterials/DefaultLightFunctionMaterial.uexp" 852
"../../../Engine/Content/EngineMeshes/Sphere.ubulk" 853
"../../../Engine/Content/EngineMeshes/Sphere.uasset" 854
"../../../Engine/Content/EngineMeshes/Sphere.uexp" 855
"../../../Engine/Content/EngineDamageTypes/DmgTypeBP_Environmental.uasset" 856
"../../../Engine/Content/EngineDamageTypes/DmgTypeBP_Environmental.uexp" 857
"../../../Engine/Plugins/Runtime/HairStrands/Content/Materials/HairMeshesDefaultMaterial.uasset" 858
"../../../Engine/Plugins/Runtime/HairStrands/Content/Materials/HairMeshesDefaultMaterial.uexp" 859
"../../../Engine/Content/EditorResources/S_Solver.ubulk" 860
"../../../Engine/Content/EditorResources/S_Solver.uasset" 861
"../../../Engine/Content/EditorResources/S_Solver.uexp" 862
"../../../Engine/Content/EditorResources/S_Trigger.ubulk" 863
"../../../Engine/Content/EditorResources/S_Trigger.uasset" 864
"../../../Engine/Content/EditorResources/S_Trigger.uexp" 865
"../../../Engine/Content/EditorResources/S_BoxReflectionCapture.uasset" 866
"../../../Engine/Content/EditorResources/S_BoxReflectionCapture.uexp" 867
"../../../Engine/Content/EditorResources/S_TriggerBox.uasset" 868
"../../../Engine/Content/EditorResources/S_TriggerBox.uexp" 869
"../../../Engine/Content/EditorResources/S_TriggerCapsule.uasset" 870
"../../../Engine/Content/EditorResources/S_TriggerCapsule.uexp" 871
"../../../Engine/Content/EditorResources/S_TriggerSphere.uasset" 872
"../../../Engine/Content/EditorResources/S_TriggerSphere.uexp" 873
"../../../Engine/Content/EngineResources/DefaultTextureCube.uasset" 874
"../../../Engine/Content/EngineResources/DefaultTextureCube.uexp" 875
"../../../Engine/Content/EditorMaterials/WidgetVertexColorMaterial.uasset" 876
"../../../Engine/Content/EditorMaterials/WidgetVertexColorMaterial.uexp" 877
"../../../Engine/Plugins/Experimental/Water/Content/Icons/WaterBodyIslandSprite.uasset" 878
"../../../Engine/Plugins/Experimental/Water/Content/Icons/WaterBodyIslandSprite.uexp" 879
"../../../Engine/Plugins/Experimental/Water/Content/Icons/WaterZoneActorSprite.ubulk" 880
"../../../Engine/Plugins/Experimental/Water/Content/Icons/WaterZoneActorSprite.uasset" 881
"../../../Engine/Plugins/Experimental/Water/Content/Icons/WaterZoneActorSprite.uexp" 882
"../../../Engine/Plugins/Runtime/HairStrands/Content/Materials/HairDefaultMaterial.uasset" 883
"../../../Engine/Plugins/Runtime/HairStrands/Content/Materials/HairDefaultMaterial.uexp" 884
"../../../Engine/Plugins/Runtime/HairStrands/Content/Materials/HairCardsDefaultMaterial.uasset" 885
"../../../Engine/Plugins/Runtime/HairStrands/Content/Materials/HairCardsDefaultMaterial.uexp" 886
"../../../Engine/Content/EngineDebugMaterials/M_SimpleUnlitTranslucent.uasset" 887
"../../../Engine/Content/EngineDebugMaterials/M_SimpleUnlitTranslucent.uexp" 888
"../../../Engine/Plugins/NNE/NNEDenoiser/Content/NNE_oidn2-3-0_rt_hdr_calb_cnrm_large__dyn__fp16_opset11_ForwardAlpha.uasset" 889
"../../../Engine/Plugins/NNE/NNEDenoiser/Content/NNE_oidn2-3-0_rt_hdr_calb_cnrm_large__dyn__fp16_opset11_ForwardAlpha.uexp" 890
"../../../Engine/Plugins/NNE/NNEDenoiser/Content/NNE_oidn2-3-0_rt_hdr_calb_cnrm_large__dyn__fp16_opset11_DenoiseAlpha.uasset" 891
"../../../Engine/Plugins/NNE/NNEDenoiser/Content/NNE_oidn2-3-0_rt_hdr_calb_cnrm_large__dyn__fp16_opset11_DenoiseAlpha.uexp" 892
"../../../Engine/Plugins/NNE/NNEDenoiser/Content/NNE_oidn2-3-0_rt_hdr_alb_nrm__dyn__fp16_opset11_ForwardAlpha.uasset" 893
"../../../Engine/Plugins/NNE/NNEDenoiser/Content/NNE_oidn2-3-0_rt_hdr_alb_nrm__dyn__fp16_opset11_ForwardAlpha.uexp" 894
"../../../Engine/Plugins/NNE/NNEDenoiser/Content/NNE_oidn2-3-0_rt_hdr_alb_nrm__dyn__fp16_opset11_DenoiseAlpha.uasset" 895
"../../../Engine/Plugins/NNE/NNEDenoiser/Content/NNE_oidn2-3-0_rt_hdr_alb_nrm__dyn__fp16_opset11_DenoiseAlpha.uexp" 896
"../../../Engine/Plugins/NNE/NNEDenoiser/Content/NNE_oidn2-3-0_rt_hdr_alb_nrm_small__dyn__fp16_opset11_ForwardAlpha.uasset" 897
"../../../Engine/Plugins/NNE/NNEDenoiser/Content/NNE_oidn2-3-0_rt_hdr_alb_nrm_small__dyn__fp16_opset11_ForwardAlpha.uexp" 898
"../../../Engine/Plugins/NNE/NNEDenoiser/Content/NNE_oidn2-3-0_rt_hdr_alb_nrm_small__dyn__fp16_opset11_DenoiseAlpha.uasset" 899
"../../../Engine/Plugins/NNE/NNEDenoiser/Content/NNE_oidn2-3-0_rt_hdr_alb_nrm_small__dyn__fp16_opset11_DenoiseAlpha.uexp" 900
"../../../Engine/Content/EngineResources/LandscapeVisibilityLayerInfo.uasset" 901
"../../../Engine/Content/EngineResources/LandscapeVisibilityLayerInfo.uexp" 902
"../../../Engine/Plugins/Experimental/Water/Content/Icons/WaterBodyExclusionVolumeSprite.uasset" 903
"../../../Engine/Plugins/Experimental/Water/Content/Icons/WaterBodyExclusionVolumeSprite.uexp" 904
"../../../Engine/Content/Animation/DefaultRecorderBoneCompression.uasset" 905
"../../../Engine/Content/Animation/DefaultRecorderBoneCompression.uexp" 906
"../../../Engine/Plugins/Animation/ControlRig/Content/Controls/DefaultGizmoLibraryNormalized.uasset" 907
"../../../Engine/Plugins/Animation/ControlRig/Content/Controls/DefaultGizmoLibraryNormalized.uexp" 908
"../../../Engine/Content/EditorMaterials/ParticleSystems/PSysThumbnail_NoImage.ubulk" 909
"../../../Engine/Content/EditorMaterials/ParticleSystems/PSysThumbnail_NoImage.uasset" 910
"../../../Engine/Content/EditorMaterials/ParticleSystems/PSysThumbnail_NoImage.uexp" 911
"../../../Engine/Content/EditorMaterials/ParticleSystems/PSysThumbnail_OOD.ubulk" 912
"../../../Engine/Content/EditorMaterials/ParticleSystems/PSysThumbnail_OOD.uasset" 913
"../../../Engine/Content/EditorMaterials/ParticleSystems/PSysThumbnail_OOD.uexp" 914
"../../../Engine/Plugins/PCG/Content/ComputeSources/PCGCS_ShaderUtils.uasset" 915
"../../../Engine/Plugins/PCG/Content/ComputeSources/PCGCS_ShaderUtils.uexp" 916
"../../../Engine/Plugins/PCG/Content/ComputeSources/PCGCS_ShaderUtilsInternal.uasset" 917
"../../../Engine/Plugins/PCG/Content/ComputeSources/PCGCS_ShaderUtilsInternal.uexp" 918
"../../../Engine/Plugins/PCG/Content/ComputeSources/PCGCS_Quaternion.uasset" 919
"../../../Engine/Plugins/PCG/Content/ComputeSources/PCGCS_Quaternion.uexp" 920
"../../../Engine/Content/EngineMaterials/RemoveSurfaceMaterial.uasset" 921
"../../../Engine/Content/EngineMaterials/RemoveSurfaceMaterial.uexp" 922
"../../../Engine/Content/EngineMaterials/DefaultDestructiblePhysicalMaterial.uasset" 923
"../../../Engine/Content/EngineMaterials/DefaultDestructiblePhysicalMaterial.uexp" 924
"../../../Engine/Plugins/Experimental/Water/Content/Materials/MPC/MPC_Water.uasset" 925
"../../../Engine/Plugins/Experimental/Water/Content/Materials/MPC/MPC_Water.uexp" 926
"../../../Engine/Plugins/Experimental/Water/Content/Curves/FloatCurve.uasset" 927
"../../../Engine/Plugins/Experimental/Water/Content/Curves/FloatCurve.uexp" 928
"../../../Engine/Plugins/Experimental/Water/Content/Curves/FloatCurve_WaterBodyIsland.uasset" 929
"../../../Engine/Plugins/Experimental/Water/Content/Curves/FloatCurve_WaterBodyIsland.uexp" 930
"../../../Engine/Plugins/Experimental/Water/Content/Waves/GerstnerWaves_Lake.uasset" 931
"../../../Engine/Plugins/Experimental/Water/Content/Waves/GerstnerWaves_Lake.uexp" 932
"../../../Engine/Plugins/Experimental/Water/Content/Waves/GerstnerWaves_Ocean.uasset" 933
"../../../Engine/Plugins/Experimental/Water/Content/Waves/GerstnerWaves_Ocean.uexp" 934
"../../../Engine/Content/EditorMaterials/PhAT_NoCollisionMaterial.uasset" 935
"../../../Engine/Content/EditorMaterials/PhAT_NoCollisionMaterial.uexp" 936
"../../../Engine/Content/EngineMaterials/EnergyConservation/SheenLegacy_Energy.uasset" 937
"../../../Engine/Content/EngineMaterials/EnergyConservation/SheenLegacy_Energy.uexp" 938
"../../../Engine/Content/EngineMaterials/GizmoMaterial.uasset" 939
"../../../Engine/Content/EngineMaterials/GizmoMaterial.uexp" 940
"../../../Engine/Content/BasicShapes/BasicShapeMaterial.uasset" 941
"../../../Engine/Content/BasicShapes/BasicShapeMaterial.uexp" 942
"../../../Engine/Content/EditorMaterials/Dataflow/DataflowVertexMaterial.uasset" 943
"../../../Engine/Content/EditorMaterials/Dataflow/DataflowVertexMaterial.uexp" 944
"../../../Engine/Content/EditorMaterials/Dataflow/DataflowTwoSidedVertexMaterial.uasset" 945
"../../../Engine/Content/EditorMaterials/Dataflow/DataflowTwoSidedVertexMaterial.uexp" 946
"../../../Engine/Content/EngineMaterials/NaniteHiddenSectionMaterial.uasset" 947
"../../../Engine/Content/EngineMaterials/NaniteHiddenSectionMaterial.uexp" 948
"../../../Engine/Content/EngineDebugMaterials/DebugMeshMaterial.uasset" 949
"../../../Engine/Content/EngineDebugMaterials/DebugMeshMaterial.uexp" 950
"../../../Engine/Content/EngineMaterials/DefaultBokeh.uasset" 951
"../../../Engine/Content/EngineMaterials/DefaultBokeh.uexp" 952
"../../../Engine/Content/EngineMaterials/MiniFont.uasset" 953
"../../../Engine/Content/EngineMaterials/MiniFont.uexp" 954
"../../../Engine/Content/EngineMaterials/DefaultWhiteGrid.ubulk" 955
"../../../Engine/Content/EngineMaterials/DefaultWhiteGrid.uasset" 956
"../../../Engine/Content/EngineMaterials/DefaultWhiteGrid.uexp" 957
"../../../Engine/Content/EngineMaterials/PreintegratedSkinBRDF.uasset" 958
"../../../Engine/Content/EngineMaterials/PreintegratedSkinBRDF.uexp" 959
"../../../Engine/Content/EngineMaterials/LTC/GGX_LTCAmp.uasset" 960
"../../../Engine/Content/EngineMaterials/LTC/GGX_LTCAmp.uexp" 961
"../../../Engine/Content/EngineMaterials/LTC/GGX_LTCMat.uasset" 962
"../../../Engine/Content/EngineMaterials/LTC/GGX_LTCMat.uexp" 963
"../../../Engine/Content/EngineMaterials/LTC/Sheen_LTC.uasset" 964
"../../../Engine/Content/EngineMaterials/LTC/Sheen_LTC.uexp" 965
"../../../Engine/Content/EngineMaterials/EnergyConservation/GGX_ReflectionEnergy.uasset" 966
"../../../Engine/Content/EngineMaterials/EnergyConservation/GGX_ReflectionEnergy.uexp" 967
"../../../Engine/Content/EngineMaterials/EnergyConservation/GGX_MaxSpecEnergy.uasset" 968
"../../../Engine/Content/EngineMaterials/EnergyConservation/GGX_MaxSpecEnergy.uexp" 969
"../../../Engine/Content/EngineMaterials/EnergyConservation/GGX_TransmissionEnergyArray.uasset" 970
"../../../Engine/Content/EngineMaterials/EnergyConservation/GGX_TransmissionEnergyArray.uexp" 971
"../../../Engine/Plugins/Experimental/Water/Content/Icons/WaterSprite.uasset" 972
"../../../Engine/Plugins/Experimental/Water/Content/Icons/WaterSprite.uexp" 973
"../../../Engine/Plugins/Experimental/Water/Content/Icons/WaterErrorSprite.ubulk" 974
"../../../Engine/Plugins/Experimental/Water/Content/Icons/WaterErrorSprite.uasset" 975
"../../../Engine/Plugins/Experimental/Water/Content/Icons/WaterErrorSprite.uexp" 976
"../../../Engine/Plugins/Experimental/Water/Content/Icons/WaterLandscapeBrushSprite.ubulk" 977
"../../../Engine/Plugins/Experimental/Water/Content/Icons/WaterLandscapeBrushSprite.uasset" 978
"../../../Engine/Plugins/Experimental/Water/Content/Icons/WaterLandscapeBrushSprite.uexp" 979
"../../../Engine/Content/EditorResources/SequenceRecorder/Countdown.uasset" 980
"../../../Engine/Content/EditorResources/SequenceRecorder/Countdown.uexp" 981
"../../../Engine/Content/EditorResources/SequenceRecorder/RecordingIndicator.uasset" 982
"../../../Engine/Content/EditorResources/SequenceRecorder/RecordingIndicator.uexp" 983
"../../../Engine/Content/EditorMaterials/PhAT_UnselectedMaterial.uasset" 984
"../../../Engine/Content/EditorMaterials/PhAT_UnselectedMaterial.uexp" 985
"../../../Engine/Plugins/Interchange/Runtime/Content/Pipelines/DefaultAudioPipeline.uasset" 986
"../../../Engine/Plugins/Interchange/Runtime/Content/Pipelines/DefaultAudioPipeline.uexp" 987
"../../../Engine/Plugins/Interchange/Runtime/Content/Pipelines/DefaultTexturePipeline.uasset" 988
"../../../Engine/Plugins/Interchange/Runtime/Content/Pipelines/DefaultTexturePipeline.uexp" 989
"../../../Engine/Plugins/Interchange/Runtime/Content/Pipelines/DefaultMaterialPipeline.uasset" 990
"../../../Engine/Plugins/Interchange/Runtime/Content/Pipelines/DefaultMaterialPipeline.uexp" 991
"../../../Engine/Plugins/Interchange/Runtime/Content/Pipelines/DefaultFBXOBJAssetsPipeline.uasset" 992
"../../../Engine/Plugins/Interchange/Runtime/Content/Pipelines/DefaultFBXOBJAssetsPipeline.uexp" 993
"../../../Engine/Plugins/Interchange/Runtime/Content/Pipelines/DefaultGLTFPipeline.uasset" 994
"../../../Engine/Plugins/Interchange/Runtime/Content/Pipelines/DefaultGLTFPipeline.uexp" 995
"../../../Engine/Plugins/Interchange/Runtime/Content/Pipelines/DefaultGLTFAssetsPipeline.uasset" 996
"../../../Engine/Plugins/Interchange/Runtime/Content/Pipelines/DefaultGLTFAssetsPipeline.uexp" 997
"../../../Engine/Plugins/Interchange/Runtime/Content/Pipelines/DefaultMaterialXPipeline.uasset" 998
"../../../Engine/Plugins/Interchange/Runtime/Content/Pipelines/DefaultMaterialXPipeline.uexp" 999
"../../../Engine/Plugins/Interchange/Runtime/Content/Pipelines/DefaultAssetsPipeline.uasset" 1000
"../../../Engine/Plugins/Interchange/Runtime/Content/Pipelines/DefaultAssetsPipeline.uexp" 1001
"../../../Engine/Content/EngineSounds/Master.uasset" 1002
"../../../Engine/Content/EngineSounds/Master.uexp" 1003
"../../../Engine/Plugins/Animation/ControlRig/Content/Controls/ControlRigXRayMaterial.uasset" 1004
"../../../Engine/Plugins/Animation/ControlRig/Content/Controls/ControlRigXRayMaterial.uexp" 1005
"../../../Engine/Plugins/Runtime/AudioWidgets/Content/Resources/ScrubHandleDown_Clamped.uasset" 1006
"../../../Engine/Plugins/Runtime/AudioWidgets/Content/Resources/ScrubHandleDown_Clamped.uexp" 1007
"../../../Engine/Plugins/Interchange/Runtime/Content/Pipelines/DefaultSceneLevelPipeline.uasset" 1008
"../../../Engine/Plugins/Interchange/Runtime/Content/Pipelines/DefaultSceneLevelPipeline.uexp" 1009
"../../../Engine/Plugins/Interchange/Runtime/Content/Pipelines/DefaultSceneAssetsPipeline.uasset" 1010
"../../../Engine/Plugins/Interchange/Runtime/Content/Pipelines/DefaultSceneAssetsPipeline.uexp" 1011
"../../../Engine/Plugins/Interchange/Assets/Content/Functions/MX_BurleyDiffuseBSDF.uasset" 1012
"../../../Engine/Plugins/Interchange/Assets/Content/Functions/MX_BurleyDiffuseBSDF.uexp" 1013
"../../../Engine/Plugins/Interchange/Assets/Content/Functions/MX_OrenNayarBSDF.uasset" 1014
"../../../Engine/Plugins/Interchange/Assets/Content/Functions/MX_OrenNayarBSDF.uexp" 1015
"../../../Engine/Plugins/Interchange/Assets/Content/Substrate/MX_SimpleVolume.uasset" 1016
"../../../Engine/Plugins/Interchange/Assets/Content/Substrate/MX_SimpleVolume.uexp" 1017
"../../../Engine/Plugins/Interchange/Assets/Content/Functions/MX_UsdPreviewSurface.uasset" 1018
"../../../Engine/Plugins/Interchange/Assets/Content/Functions/MX_UsdPreviewSurface.uexp" 1019
"../../../Engine/Plugins/Interchange/Assets/Content/Functions/MX_SurfaceUnlit.uasset" 1020
"../../../Engine/Plugins/Interchange/Assets/Content/Functions/MX_SurfaceUnlit.uexp" 1021
"../../../Engine/Plugins/Interchange/Runtime/Content/Pipelines/DefaultFBXOBJSceneAssetsPipeline.uasset" 1022
"../../../Engine/Plugins/Interchange/Runtime/Content/Pipelines/DefaultFBXOBJSceneAssetsPipeline.uexp" 1023
"../../../Engine/Plugins/Interchange/Runtime/Content/Pipelines/DefaultGLTFSceneAssetsPipeline.uasset" 1024
"../../../Engine/Plugins/Interchange/Runtime/Content/Pipelines/DefaultGLTFSceneAssetsPipeline.uexp" 1025
"../../../Engine/Plugins/Interchange/Assets/Content/Functions/MX_AnisotropicVDF.uasset" 1026
"../../../Engine/Plugins/Interchange/Assets/Content/Functions/MX_AnisotropicVDF.uexp" 1027
"../../../Engine/Plugins/Interchange/Assets/Content/Functions/MX_AbsorptionVDF.uasset" 1028
"../../../Engine/Plugins/Interchange/Assets/Content/Functions/MX_AbsorptionVDF.uexp" 1029
"../../../Engine/Plugins/Interchange/Assets/Content/Functions/MX_MeasuredEDF.uasset" 1030
"../../../Engine/Plugins/Interchange/Assets/Content/Functions/MX_MeasuredEDF.uexp" 1031
"../../../Engine/Plugins/Interchange/Assets/Content/Functions/MX_ConicalEDF.uasset" 1032
"../../../Engine/Plugins/Interchange/Assets/Content/Functions/MX_ConicalEDF.uexp" 1033
"../../../Engine/Plugins/Interchange/Assets/Content/Functions/MX_UniformEDF.uasset" 1034
"../../../Engine/Plugins/Interchange/Assets/Content/Functions/MX_UniformEDF.uexp" 1035
"../../../Engine/Plugins/Interchange/Assets/Content/Functions/MX_ChiangHairBSDF.uasset" 1036
"../../../Engine/Plugins/Interchange/Assets/Content/Functions/MX_ChiangHairBSDF.uexp" 1037
"../../../Engine/Plugins/Interchange/Assets/Content/Functions/MX_SheenBSDF.uasset" 1038
"../../../Engine/Plugins/Interchange/Assets/Content/Functions/MX_SheenBSDF.uexp" 1039
"../../../Engine/Plugins/Interchange/Assets/Content/Functions/MX_SubsurfaceBSDF.uasset" 1040
"../../../Engine/Plugins/Interchange/Assets/Content/Functions/MX_SubsurfaceBSDF.uexp" 1041
"../../../Engine/Plugins/Interchange/Assets/Content/Functions/MX_GeneralizedSchlickBSDF.uasset" 1042
"../../../Engine/Plugins/Interchange/Assets/Content/Functions/MX_GeneralizedSchlickBSDF.uexp" 1043
"../../../Engine/Plugins/Interchange/Assets/Content/Functions/MX_ConductorBSDF.uasset" 1044
"../../../Engine/Plugins/Interchange/Assets/Content/Functions/MX_ConductorBSDF.uexp" 1045
"../../../Engine/Plugins/Interchange/Assets/Content/Functions/MX_DielectricBSDF.uasset" 1046
"../../../Engine/Plugins/Interchange/Assets/Content/Functions/MX_DielectricBSDF.uexp" 1047
"../../../Engine/Plugins/Interchange/Assets/Content/Functions/MX_TranslucentBSDF.uasset" 1048
"../../../Engine/Plugins/Interchange/Assets/Content/Functions/MX_TranslucentBSDF.uexp" 1049
"../../../Engine/Content/EngineMaterials/EnergyConservation/Sheen_Energy.uasset" 1050
"../../../Engine/Content/EngineMaterials/EnergyConservation/Sheen_Energy.uexp" 1051
"../../../Engine/Content/EngineMaterials/FastBlueNoise_vec2_128x128x64.uasset" 1052
"../../../Engine/Content/EngineMaterials/FastBlueNoise_vec2_128x128x64.uexp" 1053
"../../../Engine/Content/EngineMaterials/FastBlueNoise_scalar_128x128x8.uasset" 1054
"../../../Engine/Content/EngineMaterials/FastBlueNoise_scalar_128x128x8.uexp" 1055
"../../../Engine/Content/EngineMaterials/FastBlueNoise_scalar_128x128x64.uasset" 1056
"../../../Engine/Content/EngineMaterials/FastBlueNoise_scalar_128x128x64.uexp" 1057
"../../../Engine/Content/EngineDebugMaterials/DebugEditorMaterial.uasset" 1058
"../../../Engine/Content/EngineDebugMaterials/DebugEditorMaterial.uexp" 1059
"../../../Engine/Content/EngineResources/Development/ZenLogo_64.uasset" 1060
"../../../Engine/Content/EngineResources/Development/ZenLogo_64.uexp" 1061
"../../../Engine/Content/EngineResources/FilmGrains/Marcie_Grain_v3_128_M2_000.uasset" 1062
"../../../Engine/Content/EngineResources/FilmGrains/Marcie_Grain_v3_128_M2_000.uexp" 1063
"../../../Engine/Content/EngineMaterials/DefaultBloomKernel.uasset" 1064
"../../../Engine/Content/EngineMaterials/DefaultBloomKernel.uexp" 1065
"../../../Engine/Content/EditorResources/BSPVertex.uasset" 1066
"../../../Engine/Content/EditorResources/BSPVertex.uexp" 1067
"../../../Engine/Content/EditorMaterials/PreviewShadowIndicator.ubulk" 1068
"../../../Engine/Content/EditorMaterials/PreviewShadowIndicator.uasset" 1069
"../../../Engine/Content/EditorMaterials/PreviewShadowIndicator.uexp" 1070
"../../../Engine/Content/EditorMaterials/PreviewShadowIndicatorMaterial.uasset" 1071
"../../../Engine/Content/EditorMaterials/PreviewShadowIndicatorMaterial.uexp" 1072
"../../../Engine/Plugins/Animation/ControlRig/Content/Controls/ControlRigGizmoMaterial.uasset" 1073
"../../../Engine/Plugins/Animation/ControlRig/Content/Controls/ControlRigGizmoMaterial.uexp" 1074
"../../../Engine/Content/EngineMaterials/SMAASearchTex.uasset" 1075
"../../../Engine/Content/EngineMaterials/SMAASearchTex.uexp" 1076
"../../../Engine/Content/EngineMaterials/SMAAAreaTex.uasset" 1077
"../../../Engine/Content/EngineMaterials/SMAAAreaTex.uexp" 1078
"../../../Engine/Content/EngineMaterials/Hair/Hair_Coverage.uasset" 1079
"../../../Engine/Content/EngineMaterials/Hair/Hair_Coverage.uexp" 1080
"../../../Engine/Content/EngineMaterials/EnergyConservation/Diffuse_Energy.uasset" 1081
"../../../Engine/Content/EngineMaterials/EnergyConservation/Diffuse_Energy.uexp" 1082
"H:/UnrealEnginesProjects/FalseRuler/Content/Inputs/IA_ActiveAbility.uasset" 1083
"H:/UnrealEnginesProjects/FalseRuler/Content/Inputs/IA_ActiveAbility.uexp" 1084
"H:/UnrealEnginesProjects/FalseRuler/Content/Inputs/IA_Attack.uasset" 1085
"H:/UnrealEnginesProjects/FalseRuler/Content/Inputs/IA_Attack.uexp" 1086
"H:/UnrealEnginesProjects/FalseRuler/Content/Inputs/IA_Crouch.uasset" 1087
"H:/UnrealEnginesProjects/FalseRuler/Content/Inputs/IA_Crouch.uexp" 1088
"H:/UnrealEnginesProjects/FalseRuler/Content/Inputs/IA_Dodge.uasset" 1089
"H:/UnrealEnginesProjects/FalseRuler/Content/Inputs/IA_Dodge.uexp" 1090
"H:/UnrealEnginesProjects/FalseRuler/Content/Inputs/IA_Interact.uasset" 1091
"H:/UnrealEnginesProjects/FalseRuler/Content/Inputs/IA_Interact.uexp" 1092
"H:/UnrealEnginesProjects/FalseRuler/Content/Inputs/IA_JoinGame.uasset" 1093
"H:/UnrealEnginesProjects/FalseRuler/Content/Inputs/IA_JoinGame.uexp" 1094
"H:/UnrealEnginesProjects/FalseRuler/Content/Inputs/IA_Jump.uasset" 1095
"H:/UnrealEnginesProjects/FalseRuler/Content/Inputs/IA_Jump.uexp" 1096
"H:/UnrealEnginesProjects/FalseRuler/Content/Inputs/IA_Look.uasset" 1097
"H:/UnrealEnginesProjects/FalseRuler/Content/Inputs/IA_Look.uexp" 1098
"H:/UnrealEnginesProjects/FalseRuler/Content/Inputs/IA_Magic.uasset" 1099
"H:/UnrealEnginesProjects/FalseRuler/Content/Inputs/IA_Magic.uexp" 1100
"H:/UnrealEnginesProjects/FalseRuler/Content/Inputs/IA_Menu.uasset" 1101
"H:/UnrealEnginesProjects/FalseRuler/Content/Inputs/IA_Menu.uexp" 1102
"H:/UnrealEnginesProjects/FalseRuler/Content/Inputs/IA_MoveForward.uasset" 1103
"H:/UnrealEnginesProjects/FalseRuler/Content/Inputs/IA_MoveForward.uexp" 1104
"H:/UnrealEnginesProjects/FalseRuler/Content/Inputs/IA_MoveRight.uasset" 1105
"H:/UnrealEnginesProjects/FalseRuler/Content/Inputs/IA_MoveRight.uexp" 1106
"H:/UnrealEnginesProjects/FalseRuler/Content/Inputs/IA_Offhand.uasset" 1107
"H:/UnrealEnginesProjects/FalseRuler/Content/Inputs/IA_Offhand.uexp" 1108
"H:/UnrealEnginesProjects/FalseRuler/Content/Inputs/IA_Sprint.uasset" 1109
"H:/UnrealEnginesProjects/FalseRuler/Content/Inputs/IA_Sprint.uexp" 1110
"H:/UnrealEnginesProjects/FalseRuler/Content/Inputs/IA_TargetLock.uasset" 1111
"H:/UnrealEnginesProjects/FalseRuler/Content/Inputs/IA_TargetLock.uexp" 1112
"H:/UnrealEnginesProjects/FalseRuler/Content/Inputs/IMC_BaseMapping.uasset" 1113
"H:/UnrealEnginesProjects/FalseRuler/Content/Inputs/IMC_BaseMapping.uexp" 1114
"H:/UnrealEnginesProjects/FalseRuler/Content/BP_BaseController.uasset" 1115
"H:/UnrealEnginesProjects/FalseRuler/Content/BP_BaseController.uexp" 1116
"H:/UnrealEnginesProjects/FalseRuler/Content/Objects/Characters/PlayerCharacter/S_Player.uasset" 1117
"H:/UnrealEnginesProjects/FalseRuler/Content/Objects/Characters/PlayerCharacter/S_Player.uexp" 1118
"H:/UnrealEnginesProjects/FalseRuler/Content/Objects/Characters/PlayerCharacter/GI_PlayerData.uasset" 1119
"H:/UnrealEnginesProjects/FalseRuler/Content/Objects/Characters/PlayerCharacter/GI_PlayerData.uexp" 1120
"H:/UnrealEnginesProjects/FalseRuler/Content/Landscape/Grass1_N.uasset" 1121
"H:/UnrealEnginesProjects/FalseRuler/Content/Landscape/Grass1_N.uexp" 1122
"../../../Engine/Plugins/Interchange/Assets/Content/Functions/MF_PhongToMetalRoughness.uasset" 1123
"../../../Engine/Plugins/Interchange/Assets/Content/Functions/MF_PhongToMetalRoughness.uexp" 1124
"H:/UnrealEnginesProjects/FalseRuler/Content/Objects/Materials/Steel.uasset" 1125
"H:/UnrealEnginesProjects/FalseRuler/Content/Objects/Materials/Steel.uexp" 1126
"H:/UnrealEnginesProjects/FalseRuler/Content/Objects/Materials/Weapon_Wood_1.uasset" 1127
"H:/UnrealEnginesProjects/FalseRuler/Content/Objects/Materials/Weapon_Wood_1.uexp" 1128
"H:/UnrealEnginesProjects/FalseRuler/Content/Objects/Weapons/Great_Sword.ubulk" 1129
"H:/UnrealEnginesProjects/FalseRuler/Content/Objects/Weapons/Great_Sword.uasset" 1130
"H:/UnrealEnginesProjects/FalseRuler/Content/Objects/Weapons/Great_Sword.uexp" 1131
"H:/UnrealEnginesProjects/FalseRuler/Content/Objects/Materials/Leather.uasset" 1132
"H:/UnrealEnginesProjects/FalseRuler/Content/Objects/Materials/Leather.uexp" 1133
"H:/UnrealEnginesProjects/FalseRuler/Content/Objects/Weapons/Long_Sword.ubulk" 1134
"H:/UnrealEnginesProjects/FalseRuler/Content/Objects/Weapons/Long_Sword.uasset" 1135
"H:/UnrealEnginesProjects/FalseRuler/Content/Objects/Weapons/Long_Sword.uexp" 1136
"H:/UnrealEnginesProjects/FalseRuler/Content/Objects/Weapons/Spear.ubulk" 1137
"H:/UnrealEnginesProjects/FalseRuler/Content/Objects/Weapons/Spear.uasset" 1138
"H:/UnrealEnginesProjects/FalseRuler/Content/Objects/Weapons/Spear.uexp" 1139
"H:/UnrealEnginesProjects/FalseRuler/Content/Objects/Weapons/Axe.ubulk" 1140
"H:/UnrealEnginesProjects/FalseRuler/Content/Objects/Weapons/Axe.uasset" 1141
"H:/UnrealEnginesProjects/FalseRuler/Content/Objects/Weapons/Axe.uexp" 1142
"H:/UnrealEnginesProjects/FalseRuler/Content/Objects/Weapons/Long_Bow.ubulk" 1143
"H:/UnrealEnginesProjects/FalseRuler/Content/Objects/Weapons/Long_Bow.uasset" 1144
"H:/UnrealEnginesProjects/FalseRuler/Content/Objects/Weapons/Long_Bow.uexp" 1145
"H:/UnrealEnginesProjects/FalseRuler/Content/Objects/Characters/Equipment/E_Hand.uasset" 1146
"H:/UnrealEnginesProjects/FalseRuler/Content/Objects/Characters/Equipment/E_Hand.uexp" 1147
"H:/UnrealEnginesProjects/FalseRuler/Content/Objects/Characters/Equipment/E_ItemType.uasset" 1148
"H:/UnrealEnginesProjects/FalseRuler/Content/Objects/Characters/Equipment/E_ItemType.uexp" 1149
"H:/UnrealEnginesProjects/FalseRuler/Content/Objects/Characters/Equipment/E_ItemTypeSpec.uasset" 1150
"H:/UnrealEnginesProjects/FalseRuler/Content/Objects/Characters/Equipment/E_ItemTypeSpec.uexp" 1151
"H:/UnrealEnginesProjects/FalseRuler/Content/Objects/Characters/Equipment/S_Items.uasset" 1152
"H:/UnrealEnginesProjects/FalseRuler/Content/Objects/Characters/Equipment/S_Items.uexp" 1153
"H:/UnrealEnginesProjects/FalseRuler/Content/Objects/Creatures/Human/BasicHuman/BaseHuman_Skeleton.uasset" 1154
"H:/UnrealEnginesProjects/FalseRuler/Content/Objects/Creatures/Human/BasicHuman/BaseHuman_Skeleton.uexp" 1155
"H:/UnrealEnginesProjects/FalseRuler/Content/UI/Background_Stamina.uasset" 1156
"H:/UnrealEnginesProjects/FalseRuler/Content/UI/Background_Stamina.uexp" 1157
"H:/UnrealEnginesProjects/FalseRuler/Content/UI/Border_Health.uasset" 1158
"H:/UnrealEnginesProjects/FalseRuler/Content/UI/Border_Health.uexp" 1159
"H:/UnrealEnginesProjects/FalseRuler/Content/UI/Border_Mana.uasset" 1160
"H:/UnrealEnginesProjects/FalseRuler/Content/UI/Border_Mana.uexp" 1161
"H:/UnrealEnginesProjects/FalseRuler/Content/UI/Border_Stamina.uasset" 1162
"H:/UnrealEnginesProjects/FalseRuler/Content/UI/Border_Stamina.uexp" 1163
"H:/UnrealEnginesProjects/FalseRuler/Content/UI/WG_PlayerHUD.uasset" 1164
"H:/UnrealEnginesProjects/FalseRuler/Content/UI/WG_PlayerHUD.uexp" 1165
"H:/UnrealEnginesProjects/FalseRuler/Content/Objects/Characters/BPC_Stats.uasset" 1166
"H:/UnrealEnginesProjects/FalseRuler/Content/Objects/Characters/BPC_Stats.uexp" 1167
"H:/UnrealEnginesProjects/FalseRuler/Content/Objects/Characters/Equipment/S_Slots.uasset" 1168
"H:/UnrealEnginesProjects/FalseRuler/Content/Objects/Characters/Equipment/S_Slots.uexp" 1169
"../../../Engine/Plugins/Animation/ACLPlugin/Content/ACLAnimBoneCompressionSettings.uasset" 1170
"../../../Engine/Plugins/Animation/ACLPlugin/Content/ACLAnimBoneCompressionSettings.uexp" 1171
"../../../Engine/Plugins/Animation/ACLPlugin/Content/ACLAnimCurveCompressionSettings.uasset" 1172
"../../../Engine/Plugins/Animation/ACLPlugin/Content/ACLAnimCurveCompressionSettings.uexp" 1173
"../../../Engine/Content/Animation/DefaultVariableFrameStrippingSettings.uasset" 1174
"../../../Engine/Content/Animation/DefaultVariableFrameStrippingSettings.uexp" 1175
"H:/UnrealEnginesProjects/FalseRuler/Content/Objects/Creatures/Human/Animations/Crouched_Man/BaseHuman_Crouch_Idle.uasset" 1176
"H:/UnrealEnginesProjects/FalseRuler/Content/Objects/Creatures/Human/Animations/Crouched_Man/BaseHuman_Crouch_Idle.uexp" 1177
"H:/UnrealEnginesProjects/FalseRuler/Content/Objects/Creatures/Human/Animations/Crouched_Man/BaseHuman_Crouch_Start.uasset" 1178
"H:/UnrealEnginesProjects/FalseRuler/Content/Objects/Creatures/Human/Animations/Crouched_Man/BaseHuman_Crouch_Start.uexp" 1179
"H:/UnrealEnginesProjects/FalseRuler/Content/Objects/Creatures/Human/Animations/Crouched_Man/BaseHuman_Crouch_Walk_Backwards.uasset" 1180
"H:/UnrealEnginesProjects/FalseRuler/Content/Objects/Creatures/Human/Animations/Crouched_Man/BaseHuman_Crouch_Walk_Backwards.uexp" 1181
"H:/UnrealEnginesProjects/FalseRuler/Content/Objects/Creatures/Human/Animations/Crouched_Man/BaseHuman_Crouch_Walk_Forewards.uasset" 1182
"H:/UnrealEnginesProjects/FalseRuler/Content/Objects/Creatures/Human/Animations/Crouched_Man/BaseHuman_Crouch_Walk_Forewards.uexp" 1183
"H:/UnrealEnginesProjects/FalseRuler/Content/Objects/Creatures/Human/Animations/Crouched_Man/BaseHuman_Crouch_Walk_Left.uasset" 1184
"H:/UnrealEnginesProjects/FalseRuler/Content/Objects/Creatures/Human/Animations/Crouched_Man/BaseHuman_Crouch_Walk_Left.uexp" 1185
"H:/UnrealEnginesProjects/FalseRuler/Content/Objects/Creatures/Human/Animations/Crouched_Man/BaseHuman_Crouch_Walk_Right.uasset" 1186
"H:/UnrealEnginesProjects/FalseRuler/Content/Objects/Creatures/Human/Animations/Crouched_Man/BaseHuman_Crouch_Walk_Right.uexp" 1187
"H:/UnrealEnginesProjects/FalseRuler/Content/Objects/Creatures/Human/Animations/Crouched_Man/BS_Crouched.uasset" 1188
"H:/UnrealEnginesProjects/FalseRuler/Content/Objects/Creatures/Human/Animations/Crouched_Man/BS_Crouched.uexp" 1189
"H:/UnrealEnginesProjects/FalseRuler/Content/Objects/Creatures/Human/Animations/Locamotion_Man/BaseHuman_Falling.uasset" 1190
"H:/UnrealEnginesProjects/FalseRuler/Content/Objects/Creatures/Human/Animations/Locamotion_Man/BaseHuman_Falling.uexp" 1191
"H:/UnrealEnginesProjects/FalseRuler/Content/Objects/Creatures/Human/Animations/Locamotion_Man/BaseHuman_Falling_Stop.uasset" 1192
"H:/UnrealEnginesProjects/FalseRuler/Content/Objects/Creatures/Human/Animations/Locamotion_Man/BaseHuman_Falling_Stop.uexp" 1193
"H:/UnrealEnginesProjects/FalseRuler/Content/Objects/Creatures/Human/Animations/Locamotion_Man/BaseHuman_Idle1.uasset" 1194
"H:/UnrealEnginesProjects/FalseRuler/Content/Objects/Creatures/Human/Animations/Locamotion_Man/BaseHuman_Idle1.uexp" 1195
"H:/UnrealEnginesProjects/FalseRuler/Content/Objects/Creatures/Human/Animations/Locamotion_Man/BaseHuman_Jump_Start.uasset" 1196
"H:/UnrealEnginesProjects/FalseRuler/Content/Objects/Creatures/Human/Animations/Locamotion_Man/BaseHuman_Jump_Start.uexp" 1197
"H:/UnrealEnginesProjects/FalseRuler/Content/Objects/Creatures/Human/Animations/Locamotion_Man/BaseHuman_Walk_Stop.uasset" 1198
"H:/UnrealEnginesProjects/FalseRuler/Content/Objects/Creatures/Human/Animations/Locamotion_Man/BaseHuman_Walk_Stop.uexp" 1199
"H:/UnrealEnginesProjects/FalseRuler/Content/Objects/Creatures/Human/Animations/Locamotion_Man/BaseHuman_Walk_W_Axe.uasset" 1200
"H:/UnrealEnginesProjects/FalseRuler/Content/Objects/Creatures/Human/Animations/Locamotion_Man/BaseHuman_Walk_W_Axe.uexp" 1201
"H:/UnrealEnginesProjects/FalseRuler/Content/Objects/Creatures/Human/Animations/Locamotion_Man/BaseHuman_Walk_W_GreatHammer.uasset" 1202
"H:/UnrealEnginesProjects/FalseRuler/Content/Objects/Creatures/Human/Animations/Locamotion_Man/BaseHuman_Walk_W_GreatHammer.uexp" 1203
"H:/UnrealEnginesProjects/FalseRuler/Content/Objects/Creatures/Human/Animations/Locamotion_Man/BaseHuman_Walk_W_GreatSword.uasset" 1204
"H:/UnrealEnginesProjects/FalseRuler/Content/Objects/Creatures/Human/Animations/Locamotion_Man/BaseHuman_Walk_W_GreatSword.uexp" 1205
"H:/UnrealEnginesProjects/FalseRuler/Content/Objects/Creatures/Human/Animations/Locamotion_Man/BaseHuman_Walk_W_Longsword.uasset" 1206
"H:/UnrealEnginesProjects/FalseRuler/Content/Objects/Creatures/Human/Animations/Locamotion_Man/BaseHuman_Walk_W_Longsword.uexp" 1207
"H:/UnrealEnginesProjects/FalseRuler/Content/Objects/Creatures/Human/Animations/Locamotion_Man/BaseHuman_Walk_W_OneHanded.uasset" 1208
"H:/UnrealEnginesProjects/FalseRuler/Content/Objects/Creatures/Human/Animations/Locamotion_Man/BaseHuman_Walk_W_OneHanded.uexp" 1209
"H:/UnrealEnginesProjects/FalseRuler/Content/Objects/Creatures/Human/Animations/Locamotion_Man/BaseHuman_Walk_W_Shield.uasset" 1210
"H:/UnrealEnginesProjects/FalseRuler/Content/Objects/Creatures/Human/Animations/Locamotion_Man/BaseHuman_Walk_W_Shield.uexp" 1211
"H:/UnrealEnginesProjects/FalseRuler/Content/Objects/Creatures/Human/Animations/Locamotion_Man/BaseHuman_Walk_W_Torch.uasset" 1212
"H:/UnrealEnginesProjects/FalseRuler/Content/Objects/Creatures/Human/Animations/Locamotion_Man/BaseHuman_Walk_W_Torch.uexp" 1213
"H:/UnrealEnginesProjects/FalseRuler/Content/Objects/Creatures/Human/Animations/Locamotion_Man/BaseHuman_Dash_Backwards.uasset" 1214
"H:/UnrealEnginesProjects/FalseRuler/Content/Objects/Creatures/Human/Animations/Locamotion_Man/BaseHuman_Dash_Backwards.uexp" 1215
"H:/UnrealEnginesProjects/FalseRuler/Content/Objects/Creatures/Human/Animations/Locamotion_Man/BaseHuman_Dash_Forward.uasset" 1216
"H:/UnrealEnginesProjects/FalseRuler/Content/Objects/Creatures/Human/Animations/Locamotion_Man/BaseHuman_Dash_Forward.uexp" 1217
"H:/UnrealEnginesProjects/FalseRuler/Content/Objects/Creatures/Human/Animations/Locamotion_Man/BaseHuman_Dash_Left.uasset" 1218
"H:/UnrealEnginesProjects/FalseRuler/Content/Objects/Creatures/Human/Animations/Locamotion_Man/BaseHuman_Dash_Left.uexp" 1219
"H:/UnrealEnginesProjects/FalseRuler/Content/Objects/Creatures/Human/Animations/Locamotion_Man/BaseHuman_Dash_Right.uasset" 1220
"H:/UnrealEnginesProjects/FalseRuler/Content/Objects/Creatures/Human/Animations/Locamotion_Man/BaseHuman_Dash_Right.uexp" 1221
"H:/UnrealEnginesProjects/FalseRuler/Content/Objects/Creatures/Human/Animations/Locamotion_Man/BS_Human_Dodge.uasset" 1222
"H:/UnrealEnginesProjects/FalseRuler/Content/Objects/Creatures/Human/Animations/Locamotion_Man/BS_Human_Dodge.uexp" 1223
"H:/UnrealEnginesProjects/FalseRuler/Content/Objects/Creatures/Human/Animations/Locamotion_Man/BaseHuman_Walk_Backwards.uasset" 1224
"H:/UnrealEnginesProjects/FalseRuler/Content/Objects/Creatures/Human/Animations/Locamotion_Man/BaseHuman_Walk_Backwards.uexp" 1225
"H:/UnrealEnginesProjects/FalseRuler/Content/Objects/Creatures/Human/Animations/Locamotion_Man/BaseHuman_Walk_Fast.uasset" 1226
"H:/UnrealEnginesProjects/FalseRuler/Content/Objects/Creatures/Human/Animations/Locamotion_Man/BaseHuman_Walk_Fast.uexp" 1227
"H:/UnrealEnginesProjects/FalseRuler/Content/Objects/Creatures/Human/Animations/Locamotion_Man/BaseHuman_Walk_Medium.uasset" 1228
"H:/UnrealEnginesProjects/FalseRuler/Content/Objects/Creatures/Human/Animations/Locamotion_Man/BaseHuman_Walk_Medium.uexp" 1229
"H:/UnrealEnginesProjects/FalseRuler/Content/Objects/Creatures/Human/Animations/Locamotion_Man/BaseHuman_Walk_Slow.uasset" 1230
"H:/UnrealEnginesProjects/FalseRuler/Content/Objects/Creatures/Human/Animations/Locamotion_Man/BaseHuman_Walk_Slow.uexp" 1231
"H:/UnrealEnginesProjects/FalseRuler/Content/Objects/Creatures/Human/Animations/Locamotion_Man/BaseHuman_Walk_Straif_Left.uasset" 1232
"H:/UnrealEnginesProjects/FalseRuler/Content/Objects/Creatures/Human/Animations/Locamotion_Man/BaseHuman_Walk_Straif_Left.uexp" 1233
"H:/UnrealEnginesProjects/FalseRuler/Content/Objects/Creatures/Human/Animations/Locamotion_Man/BaseHuman_Walk_Straif_Right.uasset" 1234
"H:/UnrealEnginesProjects/FalseRuler/Content/Objects/Creatures/Human/Animations/Locamotion_Man/BaseHuman_Walk_Straif_Right.uexp" 1235
"H:/UnrealEnginesProjects/FalseRuler/Content/Objects/Creatures/Human/Animations/Locamotion_Man/BS_Human_Strafe.uasset" 1236
"H:/UnrealEnginesProjects/FalseRuler/Content/Objects/Creatures/Human/Animations/Locamotion_Man/BS_Human_Strafe.uexp" 1237
"H:/UnrealEnginesProjects/FalseRuler/Content/Objects/Creatures/Human/Animations/Attack_Anims/Bow/BaseHuman_Draw_Bow.uasset" 1238
"H:/UnrealEnginesProjects/FalseRuler/Content/Objects/Creatures/Human/Animations/Attack_Anims/Bow/BaseHuman_Draw_Bow.uexp" 1239
"H:/UnrealEnginesProjects/FalseRuler/Content/Objects/Creatures/Human/Animations/Attack_Anims/Bow/BaseHuman_Hold_Bow.uasset" 1240
"H:/UnrealEnginesProjects/FalseRuler/Content/Objects/Creatures/Human/Animations/Attack_Anims/Bow/BaseHuman_Hold_Bow.uexp" 1241
"H:/UnrealEnginesProjects/FalseRuler/Content/Objects/Creatures/Human/Animations/Attack_Anims/Bow/BaseHuman_Idle_Bow.uasset" 1242
"H:/UnrealEnginesProjects/FalseRuler/Content/Objects/Creatures/Human/Animations/Attack_Anims/Bow/BaseHuman_Idle_Bow.uexp" 1243
"H:/UnrealEnginesProjects/FalseRuler/Content/Objects/Creatures/Human/Animations/Attack_Anims/BPI_ProjectileLaunch.uasset" 1244
"H:/UnrealEnginesProjects/FalseRuler/Content/Objects/Creatures/Human/Animations/Attack_Anims/BPI_ProjectileLaunch.uexp" 1245
"H:/UnrealEnginesProjects/FalseRuler/Content/Objects/Creatures/Human/Animations/Attack_Anims/AnimNotify_ProjectileShoot.uasset" 1246
"H:/UnrealEnginesProjects/FalseRuler/Content/Objects/Creatures/Human/Animations/Attack_Anims/AnimNotify_ProjectileShoot.uexp" 1247
"H:/UnrealEnginesProjects/FalseRuler/Content/Objects/Creatures/Human/Animations/Attack_Anims/Bow/BaseHuman_Shoot_Bow.uasset" 1248
"H:/UnrealEnginesProjects/FalseRuler/Content/Objects/Creatures/Human/Animations/Attack_Anims/Bow/BaseHuman_Shoot_Bow.uexp" 1249
"H:/UnrealEnginesProjects/FalseRuler/Content/Objects/Creatures/Human/Animations/Attack_Anims/Greatsword/BaseHuman_Idle_Greatsword.uasset" 1250
"H:/UnrealEnginesProjects/FalseRuler/Content/Objects/Creatures/Human/Animations/Attack_Anims/Greatsword/BaseHuman_Idle_Greatsword.uexp" 1251
"H:/UnrealEnginesProjects/FalseRuler/Content/Objects/Creatures/Human/Animations/Attack_Anims/Shield/BaseHuman_Hold_Shield.uasset" 1252
"H:/UnrealEnginesProjects/FalseRuler/Content/Objects/Creatures/Human/Animations/Attack_Anims/Shield/BaseHuman_Hold_Shield.uexp" 1253
"H:/UnrealEnginesProjects/FalseRuler/Content/Objects/Creatures/Human/Animations/Attack_Anims/Shield/BaseHuman_Raise_Shield.uasset" 1254
"H:/UnrealEnginesProjects/FalseRuler/Content/Objects/Creatures/Human/Animations/Attack_Anims/Shield/BaseHuman_Raise_Shield.uexp" 1255
"H:/UnrealEnginesProjects/FalseRuler/Content/Objects/Creatures/Human/Animations/Attack_Anims/Sword/BaseHuman_Idle_Longsword.uasset" 1256
"H:/UnrealEnginesProjects/FalseRuler/Content/Objects/Creatures/Human/Animations/Attack_Anims/Sword/BaseHuman_Idle_Longsword.uexp" 1257
"H:/UnrealEnginesProjects/FalseRuler/Content/Objects/Creatures/Human/Animations/Attack_Anims/Bow/AO/BaseHuman_AO_Bow_Aiming_Down.uasset" 1258
"H:/UnrealEnginesProjects/FalseRuler/Content/Objects/Creatures/Human/Animations/Attack_Anims/Bow/AO/BaseHuman_AO_Bow_Aiming_Down.uexp" 1259
"H:/UnrealEnginesProjects/FalseRuler/Content/Objects/Creatures/Human/Animations/Attack_Anims/Bow/AO/BaseHuman_AO_Bow_Aiming_Forward.uasset" 1260
"H:/UnrealEnginesProjects/FalseRuler/Content/Objects/Creatures/Human/Animations/Attack_Anims/Bow/AO/BaseHuman_AO_Bow_Aiming_Forward.uexp" 1261
"H:/UnrealEnginesProjects/FalseRuler/Content/Objects/Creatures/Human/Animations/Attack_Anims/Bow/AO/BaseHuman_AO_Bow_Aiming_Up.uasset" 1262
"H:/UnrealEnginesProjects/FalseRuler/Content/Objects/Creatures/Human/Animations/Attack_Anims/Bow/AO/BaseHuman_AO_Bow_Aiming_Up.uexp" 1263
"H:/UnrealEnginesProjects/FalseRuler/Content/Objects/Creatures/Human/Animations/Attack_Anims/Bow/AO/AO_Bow_Aiming.uasset" 1264
"H:/UnrealEnginesProjects/FalseRuler/Content/Objects/Creatures/Human/Animations/Attack_Anims/Bow/AO/AO_Bow_Aiming.uexp" 1265
"H:/UnrealEnginesProjects/FalseRuler/Content/Objects/Creatures/Human/Animations/ABP_Man.uasset" 1266
"H:/UnrealEnginesProjects/FalseRuler/Content/Objects/Creatures/Human/Animations/ABP_Man.uexp" 1267
"H:/UnrealEnginesProjects/FalseRuler/Content/Objects/Materials/Eye_Black.uasset" 1268
"H:/UnrealEnginesProjects/FalseRuler/Content/Objects/Materials/Eye_Black.uexp" 1269
"H:/UnrealEnginesProjects/FalseRuler/Content/Objects/Materials/Eye_Brown.uasset" 1270
"H:/UnrealEnginesProjects/FalseRuler/Content/Objects/Materials/Eye_Brown.uexp" 1271
"H:/UnrealEnginesProjects/FalseRuler/Content/Objects/Materials/Eye_White.uasset" 1272
"H:/UnrealEnginesProjects/FalseRuler/Content/Objects/Materials/Eye_White.uexp" 1273
"H:/UnrealEnginesProjects/FalseRuler/Content/Objects/Materials/Human_Lips.uasset" 1274
"H:/UnrealEnginesProjects/FalseRuler/Content/Objects/Materials/Human_Lips.uexp" 1275
"H:/UnrealEnginesProjects/FalseRuler/Content/Objects/Materials/Human_Skin.uasset" 1276
"H:/UnrealEnginesProjects/FalseRuler/Content/Objects/Materials/Human_Skin.uexp" 1277
"H:/UnrealEnginesProjects/FalseRuler/Content/Objects/Creatures/Human/BasicHuman/BaseHuman_Physics.uasset" 1278
"H:/UnrealEnginesProjects/FalseRuler/Content/Objects/Creatures/Human/BasicHuman/BaseHuman_Physics.uexp" 1279
"H:/UnrealEnginesProjects/FalseRuler/Content/Objects/Creatures/Human/BasicHuman/BaseHuman.uasset" 1280
"H:/UnrealEnginesProjects/FalseRuler/Content/Objects/Creatures/Human/BasicHuman/BaseHuman.uexp" 1281
"H:/UnrealEnginesProjects/FalseRuler/Content/Objects/Characters/BP_BaseCharacter.uasset" 1282
"H:/UnrealEnginesProjects/FalseRuler/Content/Objects/Characters/BP_BaseCharacter.uexp" 1283
"H:/UnrealEnginesProjects/FalseRuler/Content/Objects/Creatures/Human/Animations/Attack_Anims/AnimNotify_Combo_End.uasset" 1284
"H:/UnrealEnginesProjects/FalseRuler/Content/Objects/Creatures/Human/Animations/Attack_Anims/AnimNotify_Combo_End.uexp" 1285
"H:/UnrealEnginesProjects/FalseRuler/Content/Objects/Creatures/Human/Animations/Attack_Anims/AnimNotify_Combo_Next.uasset" 1286
"H:/UnrealEnginesProjects/FalseRuler/Content/Objects/Creatures/Human/Animations/Attack_Anims/AnimNotify_Combo_Next.uexp" 1287
"H:/UnrealEnginesProjects/FalseRuler/Content/Objects/Creatures/Human/Animations/Attack_Anims/AnimNotify_WeaponTrace.uasset" 1288
"H:/UnrealEnginesProjects/FalseRuler/Content/Objects/Creatures/Human/Animations/Attack_Anims/AnimNotify_WeaponTrace.uexp" 1289
"H:/UnrealEnginesProjects/FalseRuler/Content/Objects/Creatures/Human/Animations/Attack_Anims/Greatsword/BaseHuman_Attack_GreatSword_3.uasset" 1290
"H:/UnrealEnginesProjects/FalseRuler/Content/Objects/Creatures/Human/Animations/Attack_Anims/Greatsword/BaseHuman_Attack_GreatSword_3.uexp" 1291
"H:/UnrealEnginesProjects/FalseRuler/Content/Objects/Creatures/Human/Animations/Attack_Anims/Greatsword/BaseHuman_Attack_GreatSword_3_Montage.uasset" 1292
"H:/UnrealEnginesProjects/FalseRuler/Content/Objects/Creatures/Human/Animations/Attack_Anims/Greatsword/BaseHuman_Attack_GreatSword_3_Montage.uexp" 1293
"H:/UnrealEnginesProjects/FalseRuler/Content/Objects/Foliage/Tree_1_H.uasset" 1294
"H:/UnrealEnginesProjects/FalseRuler/Content/Objects/Foliage/Tree_1_H.uexp" 1295
"H:/UnrealEnginesProjects/FalseRuler/Content/Objects/Foliage/Tree_2_Branch_T.ubulk" 1296
"H:/UnrealEnginesProjects/FalseRuler/Content/Objects/Foliage/Tree_2_Branch_T.uasset" 1297
"H:/UnrealEnginesProjects/FalseRuler/Content/Objects/Foliage/Tree_2_Branch_T.uexp" 1298
"H:/UnrealEnginesProjects/FalseRuler/Content/Objects/Materials/Tree_2_Leaf_T.uasset" 1299
"H:/UnrealEnginesProjects/FalseRuler/Content/Objects/Materials/Tree_2_Leaf_T.uexp" 1300
"H:/UnrealEnginesProjects/FalseRuler/Content/Objects/Weapons/Blasting_Spear.ubulk" 1301
"H:/UnrealEnginesProjects/FalseRuler/Content/Objects/Weapons/Blasting_Spear.uasset" 1302
"H:/UnrealEnginesProjects/FalseRuler/Content/Objects/Weapons/Blasting_Spear.uexp" 1303
"H:/UnrealEnginesProjects/FalseRuler/Content/Objects/Weapons/Dagger.ubulk" 1304
"H:/UnrealEnginesProjects/FalseRuler/Content/Objects/Weapons/Dagger.uasset" 1305
"H:/UnrealEnginesProjects/FalseRuler/Content/Objects/Weapons/Dagger.uexp" 1306
"H:/UnrealEnginesProjects/FalseRuler/Content/Objects/Materials/Gods_Gold.uasset" 1307
"H:/UnrealEnginesProjects/FalseRuler/Content/Objects/Materials/Gods_Gold.uexp" 1308
"H:/UnrealEnginesProjects/FalseRuler/Content/Objects/Weapons/Dagger_of_Krome.ubulk" 1309
"H:/UnrealEnginesProjects/FalseRuler/Content/Objects/Weapons/Dagger_of_Krome.uasset" 1310
"H:/UnrealEnginesProjects/FalseRuler/Content/Objects/Weapons/Dagger_of_Krome.uexp" 1311
"H:/UnrealEnginesProjects/FalseRuler/Content/Objects/Materials/Red_Cotton.uasset" 1312
"H:/UnrealEnginesProjects/FalseRuler/Content/Objects/Materials/Red_Cotton.uexp" 1313
"H:/UnrealEnginesProjects/FalseRuler/Content/Objects/Weapons/Dagger_of_Swarms.ubulk" 1314
"H:/UnrealEnginesProjects/FalseRuler/Content/Objects/Weapons/Dagger_of_Swarms.uasset" 1315
"H:/UnrealEnginesProjects/FalseRuler/Content/Objects/Weapons/Dagger_of_Swarms.uexp" 1316
"H:/UnrealEnginesProjects/FalseRuler/Content/Objects/Weapons/Great_Bow.ubulk" 1317
"H:/UnrealEnginesProjects/FalseRuler/Content/Objects/Weapons/Great_Bow.uasset" 1318
"H:/UnrealEnginesProjects/FalseRuler/Content/Objects/Weapons/Great_Bow.uexp" 1319
"H:/UnrealEnginesProjects/FalseRuler/Content/Objects/Weapons/Great_Hammer.ubulk" 1320
"H:/UnrealEnginesProjects/FalseRuler/Content/Objects/Weapons/Great_Hammer.uasset" 1321
"H:/UnrealEnginesProjects/FalseRuler/Content/Objects/Weapons/Great_Hammer.uexp" 1322
"H:/UnrealEnginesProjects/FalseRuler/Content/Objects/Weapons/Great_Sword_of_Single_Combat_.ubulk" 1323
"H:/UnrealEnginesProjects/FalseRuler/Content/Objects/Weapons/Great_Sword_of_Single_Combat_.uasset" 1324
"H:/UnrealEnginesProjects/FalseRuler/Content/Objects/Weapons/Great_Sword_of_Single_Combat_.uexp" 1325
"H:/UnrealEnginesProjects/FalseRuler/Content/Objects/Weapons/Heater_Shield.ubulk" 1326
"H:/UnrealEnginesProjects/FalseRuler/Content/Objects/Weapons/Heater_Shield.uasset" 1327
"H:/UnrealEnginesProjects/FalseRuler/Content/Objects/Weapons/Heater_Shield.uexp" 1328
"H:/UnrealEnginesProjects/FalseRuler/Content/Objects/Materials/Obsidian.uasset" 1329
"H:/UnrealEnginesProjects/FalseRuler/Content/Objects/Materials/Obsidian.uexp" 1330
"H:/UnrealEnginesProjects/FalseRuler/Content/Objects/Weapons/Isabelle_s_Spear.ubulk" 1331
"H:/UnrealEnginesProjects/FalseRuler/Content/Objects/Weapons/Isabelle_s_Spear.uasset" 1332
"H:/UnrealEnginesProjects/FalseRuler/Content/Objects/Weapons/Isabelle_s_Spear.uexp" 1333
"H:/UnrealEnginesProjects/FalseRuler/Content/Objects/Materials/Bronze.uasset" 1334
"H:/UnrealEnginesProjects/FalseRuler/Content/Objects/Materials/Bronze.uexp" 1335
"H:/UnrealEnginesProjects/FalseRuler/Content/Objects/Materials/Cotton_Purple.uasset" 1336
"H:/UnrealEnginesProjects/FalseRuler/Content/Objects/Materials/Cotton_Purple.uexp" 1337
"H:/UnrealEnginesProjects/FalseRuler/Content/Objects/Weapons/John_s_Great_Sword.ubulk" 1338
"H:/UnrealEnginesProjects/FalseRuler/Content/Objects/Weapons/John_s_Great_Sword.uasset" 1339
"H:/UnrealEnginesProjects/FalseRuler/Content/Objects/Weapons/John_s_Great_Sword.uexp" 1340
"H:/UnrealEnginesProjects/FalseRuler/Content/Objects/Materials/Tree_2_T.uasset" 1341
"H:/UnrealEnginesProjects/FalseRuler/Content/Objects/Materials/Tree_2_T.uexp" 1342
"H:/UnrealEnginesProjects/FalseRuler/Content/Objects/Materials/Tree_Wood_2_M.uasset" 1343
"H:/UnrealEnginesProjects/FalseRuler/Content/Objects/Materials/Tree_Wood_2_M.uexp" 1344
"H:/UnrealEnginesProjects/FalseRuler/Content/Objects/Weapons/Root_Rapier.ubulk" 1345
"H:/UnrealEnginesProjects/FalseRuler/Content/Objects/Weapons/Root_Rapier.uasset" 1346
"H:/UnrealEnginesProjects/FalseRuler/Content/Objects/Weapons/Root_Rapier.uexp" 1347
"H:/UnrealEnginesProjects/FalseRuler/Content/Objects/Materials/Dark.uasset" 1348
"H:/UnrealEnginesProjects/FalseRuler/Content/Objects/Materials/Dark.uexp" 1349
"H:/UnrealEnginesProjects/FalseRuler/Content/Objects/Weapons/Shadow_Dagger.ubulk" 1350
"H:/UnrealEnginesProjects/FalseRuler/Content/Objects/Weapons/Shadow_Dagger.uasset" 1351
"H:/UnrealEnginesProjects/FalseRuler/Content/Objects/Weapons/Shadow_Dagger.uexp" 1352
"H:/UnrealEnginesProjects/FalseRuler/Content/Objects/Weapons/Shield_Breaking_Hammer.ubulk" 1353
"H:/UnrealEnginesProjects/FalseRuler/Content/Objects/Weapons/Shield_Breaking_Hammer.uasset" 1354
"H:/UnrealEnginesProjects/FalseRuler/Content/Objects/Weapons/Shield_Breaking_Hammer.uexp" 1355
"H:/UnrealEnginesProjects/FalseRuler/Content/Objects/Materials/Coral_Blue.uasset" 1356
"H:/UnrealEnginesProjects/FalseRuler/Content/Objects/Materials/Coral_Blue.uexp" 1357
"H:/UnrealEnginesProjects/FalseRuler/Content/Objects/Materials/Coral_Pink.uasset" 1358
"H:/UnrealEnginesProjects/FalseRuler/Content/Objects/Materials/Coral_Pink.uexp" 1359
"H:/UnrealEnginesProjects/FalseRuler/Content/Objects/Weapons/Siren_Axe.ubulk" 1360
"H:/UnrealEnginesProjects/FalseRuler/Content/Objects/Weapons/Siren_Axe.uasset" 1361
"H:/UnrealEnginesProjects/FalseRuler/Content/Objects/Weapons/Siren_Axe.uexp" 1362
"H:/UnrealEnginesProjects/FalseRuler/Content/Objects/Weapons/Spear_of_Many_Strikes.ubulk" 1363
"H:/UnrealEnginesProjects/FalseRuler/Content/Objects/Weapons/Spear_of_Many_Strikes.uasset" 1364
"H:/UnrealEnginesProjects/FalseRuler/Content/Objects/Weapons/Spear_of_Many_Strikes.uexp" 1365
"H:/UnrealEnginesProjects/FalseRuler/Content/Objects/Weapons/Thousand_Arrow_Bow.ubulk" 1366
"H:/UnrealEnginesProjects/FalseRuler/Content/Objects/Weapons/Thousand_Arrow_Bow.uasset" 1367
"H:/UnrealEnginesProjects/FalseRuler/Content/Objects/Weapons/Thousand_Arrow_Bow.uexp" 1368
"H:/UnrealEnginesProjects/FalseRuler/Content/Objects/Weapons/Torch.ubulk" 1369
"H:/UnrealEnginesProjects/FalseRuler/Content/Objects/Weapons/Torch.uasset" 1370
"H:/UnrealEnginesProjects/FalseRuler/Content/Objects/Weapons/Torch.uexp" 1371
"../../../Engine/Plugins/FX/Niagara/Content/DefaultAssets/DefaultSpriteMaterial.uasset" 1372
"../../../Engine/Plugins/FX/Niagara/Content/DefaultAssets/DefaultSpriteMaterial.uexp" 1373
"H:/UnrealEnginesProjects/FalseRuler/Content/Objects/Foliage/Flower_3_T.uasset" 1374
"H:/UnrealEnginesProjects/FalseRuler/Content/Objects/Foliage/Flower_3_T.uexp" 1375
"H:/UnrealEnginesProjects/FalseRuler/Content/UI/FX/M_Flower_Fire.uasset" 1376
"H:/UnrealEnginesProjects/FalseRuler/Content/UI/FX/M_Flower_Fire.uexp" 1377
"H:/UnrealEnginesProjects/FalseRuler/Content/UI/FX/NS_Fire_System.uasset" 1378
"H:/UnrealEnginesProjects/FalseRuler/Content/UI/FX/NS_Fire_System.uexp" 1379
"H:/UnrealEnginesProjects/FalseRuler/Content/Objects/Creatures/Human/Animations/Attack_Anims/Axe/BaseHuman_Attack_Axe_1.uasset" 1380
"H:/UnrealEnginesProjects/FalseRuler/Content/Objects/Creatures/Human/Animations/Attack_Anims/Axe/BaseHuman_Attack_Axe_1.uexp" 1381
"H:/UnrealEnginesProjects/FalseRuler/Content/Objects/Creatures/Human/Animations/Attack_Anims/Axe/BaseHuman_Attack_Axe_1_Montage.uasset" 1382
"H:/UnrealEnginesProjects/FalseRuler/Content/Objects/Creatures/Human/Animations/Attack_Anims/Axe/BaseHuman_Attack_Axe_1_Montage.uexp" 1383
"H:/UnrealEnginesProjects/FalseRuler/Content/Objects/Creatures/Human/Animations/Attack_Anims/Axe/BaseHuman_Attack_Axe_2.uasset" 1384
"H:/UnrealEnginesProjects/FalseRuler/Content/Objects/Creatures/Human/Animations/Attack_Anims/Axe/BaseHuman_Attack_Axe_2.uexp" 1385
"H:/UnrealEnginesProjects/FalseRuler/Content/Objects/Creatures/Human/Animations/Attack_Anims/Axe/BaseHuman_Attack_Axe_2_Montage.uasset" 1386
"H:/UnrealEnginesProjects/FalseRuler/Content/Objects/Creatures/Human/Animations/Attack_Anims/Axe/BaseHuman_Attack_Axe_2_Montage.uexp" 1387
"H:/UnrealEnginesProjects/FalseRuler/Content/Objects/Creatures/Human/Animations/Attack_Anims/Axe/BaseHuman_Attack_Axe_3.uasset" 1388
"H:/UnrealEnginesProjects/FalseRuler/Content/Objects/Creatures/Human/Animations/Attack_Anims/Axe/BaseHuman_Attack_Axe_3.uexp" 1389
"H:/UnrealEnginesProjects/FalseRuler/Content/Objects/Creatures/Human/Animations/Attack_Anims/Axe/BaseHuman_Attack_Axe_3_Montage.uasset" 1390
"H:/UnrealEnginesProjects/FalseRuler/Content/Objects/Creatures/Human/Animations/Attack_Anims/Axe/BaseHuman_Attack_Axe_3_Montage.uexp" 1391
"H:/UnrealEnginesProjects/FalseRuler/Content/Objects/Creatures/Human/Animations/Attack_Anims/Dagger/BaseHuman_Attack_Knife_1.uasset" 1392
"H:/UnrealEnginesProjects/FalseRuler/Content/Objects/Creatures/Human/Animations/Attack_Anims/Dagger/BaseHuman_Attack_Knife_1.uexp" 1393
"H:/UnrealEnginesProjects/FalseRuler/Content/Objects/Creatures/Human/Animations/Attack_Anims/Dagger/BaseHuman_Attack_Knife_1_Montage.uasset" 1394
"H:/UnrealEnginesProjects/FalseRuler/Content/Objects/Creatures/Human/Animations/Attack_Anims/Dagger/BaseHuman_Attack_Knife_1_Montage.uexp" 1395
"H:/UnrealEnginesProjects/FalseRuler/Content/Objects/Creatures/Human/Animations/Attack_Anims/Dagger/BaseHuman_Attack_Knife_2.uasset" 1396
"H:/UnrealEnginesProjects/FalseRuler/Content/Objects/Creatures/Human/Animations/Attack_Anims/Dagger/BaseHuman_Attack_Knife_2.uexp" 1397
"H:/UnrealEnginesProjects/FalseRuler/Content/Objects/Creatures/Human/Animations/Attack_Anims/Dagger/BaseHuman_Attack_Knife_2_Montage.uasset" 1398
"H:/UnrealEnginesProjects/FalseRuler/Content/Objects/Creatures/Human/Animations/Attack_Anims/Dagger/BaseHuman_Attack_Knife_2_Montage.uexp" 1399
"H:/UnrealEnginesProjects/FalseRuler/Content/Objects/Creatures/Human/Animations/Attack_Anims/Dagger/BaseHuman_Attack_Knife_3.uasset" 1400
"H:/UnrealEnginesProjects/FalseRuler/Content/Objects/Creatures/Human/Animations/Attack_Anims/Dagger/BaseHuman_Attack_Knife_3.uexp" 1401
"H:/UnrealEnginesProjects/FalseRuler/Content/Objects/Creatures/Human/Animations/Attack_Anims/Dagger/BaseHuman_Attack_Knife_3_Montage.uasset" 1402
"H:/UnrealEnginesProjects/FalseRuler/Content/Objects/Creatures/Human/Animations/Attack_Anims/Dagger/BaseHuman_Attack_Knife_3_Montage.uexp" 1403
"H:/UnrealEnginesProjects/FalseRuler/Content/Objects/Creatures/Human/Animations/Attack_Anims/Greatsword/BaseHuman_Attack_GreatSword_1.uasset" 1404
"H:/UnrealEnginesProjects/FalseRuler/Content/Objects/Creatures/Human/Animations/Attack_Anims/Greatsword/BaseHuman_Attack_GreatSword_1.uexp" 1405
"H:/UnrealEnginesProjects/FalseRuler/Content/Objects/Creatures/Human/Animations/Attack_Anims/Greatsword/BaseHuman_Attack_GreatSword_1_Montage.uasset" 1406
"H:/UnrealEnginesProjects/FalseRuler/Content/Objects/Creatures/Human/Animations/Attack_Anims/Greatsword/BaseHuman_Attack_GreatSword_1_Montage.uexp" 1407
"H:/UnrealEnginesProjects/FalseRuler/Content/Objects/Creatures/Human/Animations/Attack_Anims/Greatsword/BaseHuman_Attack_GreatSword_2.uasset" 1408
"H:/UnrealEnginesProjects/FalseRuler/Content/Objects/Creatures/Human/Animations/Attack_Anims/Greatsword/BaseHuman_Attack_GreatSword_2.uexp" 1409
"H:/UnrealEnginesProjects/FalseRuler/Content/Objects/Creatures/Human/Animations/Attack_Anims/Greatsword/BaseHuman_Attack_GreatSword_2_Montage.uasset" 1410
"H:/UnrealEnginesProjects/FalseRuler/Content/Objects/Creatures/Human/Animations/Attack_Anims/Greatsword/BaseHuman_Attack_GreatSword_2_Montage.uexp" 1411
"H:/UnrealEnginesProjects/FalseRuler/Content/Objects/Creatures/Human/Animations/Attack_Anims/Great_Hammer/BaseHuman_Attack_GreatHammer_1.uasset" 1412
"H:/UnrealEnginesProjects/FalseRuler/Content/Objects/Creatures/Human/Animations/Attack_Anims/Great_Hammer/BaseHuman_Attack_GreatHammer_1.uexp" 1413
"H:/UnrealEnginesProjects/FalseRuler/Content/Objects/Creatures/Human/Animations/Attack_Anims/Great_Hammer/BaseHuman_Attack_GreatHammer_1_Montage.uasset" 1414
"H:/UnrealEnginesProjects/FalseRuler/Content/Objects/Creatures/Human/Animations/Attack_Anims/Great_Hammer/BaseHuman_Attack_GreatHammer_1_Montage.uexp" 1415
"H:/UnrealEnginesProjects/FalseRuler/Content/Objects/Creatures/Human/Animations/Attack_Anims/Great_Hammer/BaseHuman_Attack_GreatHammer_2.uasset" 1416
"H:/UnrealEnginesProjects/FalseRuler/Content/Objects/Creatures/Human/Animations/Attack_Anims/Great_Hammer/BaseHuman_Attack_GreatHammer_2.uexp" 1417
"H:/UnrealEnginesProjects/FalseRuler/Content/Objects/Creatures/Human/Animations/Attack_Anims/Great_Hammer/BaseHuman_Attack_GreatHammer_2_Montage.uasset" 1418
"H:/UnrealEnginesProjects/FalseRuler/Content/Objects/Creatures/Human/Animations/Attack_Anims/Great_Hammer/BaseHuman_Attack_GreatHammer_2_Montage.uexp" 1419
"H:/UnrealEnginesProjects/FalseRuler/Content/Objects/Creatures/Human/Animations/Attack_Anims/Great_Hammer/BaseHuman_Attack_GreatHammer_3.uasset" 1420
"H:/UnrealEnginesProjects/FalseRuler/Content/Objects/Creatures/Human/Animations/Attack_Anims/Great_Hammer/BaseHuman_Attack_GreatHammer_3.uexp" 1421
"H:/UnrealEnginesProjects/FalseRuler/Content/Objects/Creatures/Human/Animations/Attack_Anims/Great_Hammer/BaseHuman_Attack_GreatHammer_3_Montage.uasset" 1422
"H:/UnrealEnginesProjects/FalseRuler/Content/Objects/Creatures/Human/Animations/Attack_Anims/Great_Hammer/BaseHuman_Attack_GreatHammer_3_Montage.uexp" 1423
"H:/UnrealEnginesProjects/FalseRuler/Content/Objects/Creatures/Human/Animations/Attack_Anims/Spear/BaseHuman_Attack_Spear_1.uasset" 1424
"H:/UnrealEnginesProjects/FalseRuler/Content/Objects/Creatures/Human/Animations/Attack_Anims/Spear/BaseHuman_Attack_Spear_1.uexp" 1425
"H:/UnrealEnginesProjects/FalseRuler/Content/Objects/Creatures/Human/Animations/Attack_Anims/Spear/BaseHuman_Attack_Spear_1_Montage.uasset" 1426
"H:/UnrealEnginesProjects/FalseRuler/Content/Objects/Creatures/Human/Animations/Attack_Anims/Spear/BaseHuman_Attack_Spear_1_Montage.uexp" 1427
"H:/UnrealEnginesProjects/FalseRuler/Content/Objects/Creatures/Human/Animations/Attack_Anims/Spear/BaseHuman_Attack_Spear_2.uasset" 1428
"H:/UnrealEnginesProjects/FalseRuler/Content/Objects/Creatures/Human/Animations/Attack_Anims/Spear/BaseHuman_Attack_Spear_2.uexp" 1429
"H:/UnrealEnginesProjects/FalseRuler/Content/Objects/Creatures/Human/Animations/Attack_Anims/Spear/BaseHuman_Attack_Spear_2_Montage.uasset" 1430
"H:/UnrealEnginesProjects/FalseRuler/Content/Objects/Creatures/Human/Animations/Attack_Anims/Spear/BaseHuman_Attack_Spear_2_Montage.uexp" 1431
"H:/UnrealEnginesProjects/FalseRuler/Content/Objects/Creatures/Human/Animations/Attack_Anims/Spear/BaseHuman_Attack_Spear_3.uasset" 1432
"H:/UnrealEnginesProjects/FalseRuler/Content/Objects/Creatures/Human/Animations/Attack_Anims/Spear/BaseHuman_Attack_Spear_3.uexp" 1433
"H:/UnrealEnginesProjects/FalseRuler/Content/Objects/Creatures/Human/Animations/Attack_Anims/Spear/BaseHuman_Attack_Spear_3_Montage.uasset" 1434
"H:/UnrealEnginesProjects/FalseRuler/Content/Objects/Creatures/Human/Animations/Attack_Anims/Spear/BaseHuman_Attack_Spear_3_Montage.uexp" 1435
"H:/UnrealEnginesProjects/FalseRuler/Content/Objects/Creatures/Human/Animations/Attack_Anims/Sword/BaseHuman_Attack_Sword_1.uasset" 1436
"H:/UnrealEnginesProjects/FalseRuler/Content/Objects/Creatures/Human/Animations/Attack_Anims/Sword/BaseHuman_Attack_Sword_1.uexp" 1437
"H:/UnrealEnginesProjects/FalseRuler/Content/Objects/Creatures/Human/Animations/Attack_Anims/Sword/BaseHuman_Attack_Sword_1_Montage.uasset" 1438
"H:/UnrealEnginesProjects/FalseRuler/Content/Objects/Creatures/Human/Animations/Attack_Anims/Sword/BaseHuman_Attack_Sword_1_Montage.uexp" 1439
"H:/UnrealEnginesProjects/FalseRuler/Content/Objects/Creatures/Human/Animations/Attack_Anims/Sword/BaseHuman_Attack_Sword_2.uasset" 1440
"H:/UnrealEnginesProjects/FalseRuler/Content/Objects/Creatures/Human/Animations/Attack_Anims/Sword/BaseHuman_Attack_Sword_2.uexp" 1441
"H:/UnrealEnginesProjects/FalseRuler/Content/Objects/Creatures/Human/Animations/Attack_Anims/Sword/BaseHuman_Attack_Sword_2_Montage.uasset" 1442
"H:/UnrealEnginesProjects/FalseRuler/Content/Objects/Creatures/Human/Animations/Attack_Anims/Sword/BaseHuman_Attack_Sword_2_Montage.uexp" 1443
"H:/UnrealEnginesProjects/FalseRuler/Content/Objects/Creatures/Human/Animations/Attack_Anims/Sword/BaseHuman_Attack_Sword_3.uasset" 1444
"H:/UnrealEnginesProjects/FalseRuler/Content/Objects/Creatures/Human/Animations/Attack_Anims/Sword/BaseHuman_Attack_Sword_3.uexp" 1445
"H:/UnrealEnginesProjects/FalseRuler/Content/Objects/Creatures/Human/Animations/Attack_Anims/Sword/BaseHuman_Attack_Sword_3_Montage.uasset" 1446
"H:/UnrealEnginesProjects/FalseRuler/Content/Objects/Creatures/Human/Animations/Attack_Anims/Sword/BaseHuman_Attack_Sword_3_Montage.uexp" 1447
"H:/UnrealEnginesProjects/FalseRuler/Content/Objects/Characters/Equipment/DB_Items.uasset" 1448
"H:/UnrealEnginesProjects/FalseRuler/Content/Objects/Characters/Equipment/DB_Items.uexp" 1449
"H:/UnrealEnginesProjects/FalseRuler/Content/Objects/Characters/Equipment/E_Elements.uasset" 1450
"H:/UnrealEnginesProjects/FalseRuler/Content/Objects/Characters/Equipment/E_Elements.uexp" 1451
"H:/UnrealEnginesProjects/FalseRuler/Content/Objects/Characters/Equipment/S_Magic.uasset" 1452
"H:/UnrealEnginesProjects/FalseRuler/Content/Objects/Characters/Equipment/S_Magic.uexp" 1453
"H:/UnrealEnginesProjects/FalseRuler/Content/Objects/Characters/Equipment/BP_Item.uasset" 1454
"H:/UnrealEnginesProjects/FalseRuler/Content/Objects/Characters/Equipment/BP_Item.uexp" 1455
"H:/UnrealEnginesProjects/FalseRuler/Content/Objects/Decor/BPI_Interact.uasset" 1456
"H:/UnrealEnginesProjects/FalseRuler/Content/Objects/Decor/BPI_Interact.uexp" 1457
"H:/UnrealEnginesProjects/FalseRuler/Content/Objects/Foliage/Tree_2_T.uasset" 1458
"H:/UnrealEnginesProjects/FalseRuler/Content/Objects/Foliage/Tree_2_T.uexp" 1459
"H:/UnrealEnginesProjects/FalseRuler/Content/Objects/Characters/Equipment/UI/WB_ItemSlot.uasset" 1460
"H:/UnrealEnginesProjects/FalseRuler/Content/Objects/Characters/Equipment/UI/WB_ItemSlot.uexp" 1461
"H:/UnrealEnginesProjects/FalseRuler/Content/Objects/Characters/Equipment/UI/WB_Equipment.uasset" 1462
"H:/UnrealEnginesProjects/FalseRuler/Content/Objects/Characters/Equipment/UI/WB_Equipment.uexp" 1463
"H:/UnrealEnginesProjects/FalseRuler/Content/Objects/Characters/Equipment/UI/WB_EquipableSlot.uasset" 1464
"H:/UnrealEnginesProjects/FalseRuler/Content/Objects/Characters/Equipment/UI/WB_EquipableSlot.uexp" 1465
"H:/UnrealEnginesProjects/FalseRuler/Content/Objects/Characters/Equipment/BPC_EquipmentSystem.uasset" 1466
"H:/UnrealEnginesProjects/FalseRuler/Content/Objects/Characters/Equipment/BPC_EquipmentSystem.uexp" 1467
"H:/UnrealEnginesProjects/FalseRuler/Content/UI/BP_HitCameraShake.uasset" 1468
"H:/UnrealEnginesProjects/FalseRuler/Content/UI/BP_HitCameraShake.uexp" 1469
"H:/UnrealEnginesProjects/FalseRuler/Content/Objects/Foliage/Flower_L_T.uasset" 1470
"H:/UnrealEnginesProjects/FalseRuler/Content/Objects/Foliage/Flower_L_T.uexp" 1471
"H:/UnrealEnginesProjects/FalseRuler/Content/UI/WG_Bow_Reticle.uasset" 1472
"H:/UnrealEnginesProjects/FalseRuler/Content/UI/WG_Bow_Reticle.uexp" 1473
"../../../Engine/Content/EngineResources/DefaultTexture.ubulk" 1474
"../../../Engine/Content/EngineResources/DefaultTexture.uasset" 1475
"../../../Engine/Content/EngineResources/DefaultTexture.uexp" 1476
"../../../Engine/Content/EngineMaterials/DefaultNormal.ubulk" 1477
"../../../Engine/Content/EngineMaterials/DefaultNormal.uasset" 1478
"../../../Engine/Content/EngineMaterials/DefaultNormal.uexp" 1479
"../../../Engine/Plugins/Interchange/Assets/Content/Materials/FBXLegacyPhongSurfaceMaterial.uasset" 1480
"../../../Engine/Plugins/Interchange/Assets/Content/Materials/FBXLegacyPhongSurfaceMaterial.uexp" 1481
"H:/UnrealEnginesProjects/FalseRuler/Content/Objects/Materials/Paper_Magic.uasset" 1482
"H:/UnrealEnginesProjects/FalseRuler/Content/Objects/Materials/Paper_Magic.uexp" 1483
"H:/UnrealEnginesProjects/FalseRuler/Content/Objects/Weapons/Spellbook_Closed.ubulk" 1484
"H:/UnrealEnginesProjects/FalseRuler/Content/Objects/Weapons/Spellbook_Closed.uasset" 1485
"H:/UnrealEnginesProjects/FalseRuler/Content/Objects/Weapons/Spellbook_Closed.uexp" 1486
"H:/UnrealEnginesProjects/FalseRuler/Content/Objects/Characters/Equipment/DB_Magic.uasset" 1487
"H:/UnrealEnginesProjects/FalseRuler/Content/Objects/Characters/Equipment/DB_Magic.uexp" 1488
"../../../Engine/Plugins/FX/Niagara/Content/VectorFields/Assets/TilingCurl32.uasset" 1489
"../../../Engine/Plugins/FX/Niagara/Content/VectorFields/Assets/TilingCurl32.uexp" 1490
"../../../Engine/Content/Functions/Engine_MaterialFunctions02/WorldPositionOffset/ObjectPivotPoint.uasset" 1491
"../../../Engine/Content/Functions/Engine_MaterialFunctions02/WorldPositionOffset/ObjectPivotPoint.uexp" 1492
"H:/UnrealEnginesProjects/FalseRuler/Content/Objects/Foliage/Flower_1_T.uasset" 1493
"H:/UnrealEnginesProjects/FalseRuler/Content/Objects/Foliage/Flower_1_T.uexp" 1494
"H:/UnrealEnginesProjects/FalseRuler/Content/Objects/Materials/Material_Functions/RandomColor_MF.uasset" 1495
"H:/UnrealEnginesProjects/FalseRuler/Content/Objects/Materials/Material_Functions/RandomColor_MF.uexp" 1496
"H:/UnrealEnginesProjects/FalseRuler/Content/Objects/Foliage/Flower_1_M.uasset" 1497
"H:/UnrealEnginesProjects/FalseRuler/Content/Objects/Foliage/Flower_1_M.uexp" 1498
"H:/UnrealEnginesProjects/FalseRuler/Content/UI/FX/NS_basic.uasset" 1499
"H:/UnrealEnginesProjects/FalseRuler/Content/UI/FX/NS_basic.uexp" 1500
"H:/UnrealEnginesProjects/FalseRuler/Content/Objects/Characters/Magic/BP_AOE_Base.uasset" 1501
"H:/UnrealEnginesProjects/FalseRuler/Content/Objects/Characters/Magic/BP_AOE_Base.uexp" 1502
"H:/UnrealEnginesProjects/FalseRuler/Content/Objects/Characters/Magic/BP_AOE_OverTime_Base.uasset" 1503
"H:/UnrealEnginesProjects/FalseRuler/Content/Objects/Characters/Magic/BP_AOE_OverTime_Base.uexp" 1504
"H:/UnrealEnginesProjects/FalseRuler/Content/Objects/Characters/Magic/BP_AOE_OverTime_Fire.uasset" 1505
"H:/UnrealEnginesProjects/FalseRuler/Content/Objects/Characters/Magic/BP_AOE_OverTime_Fire.uexp" 1506
"H:/UnrealEnginesProjects/FalseRuler/Content/Objects/Characters/BPC_Attack.uasset" 1507
"H:/UnrealEnginesProjects/FalseRuler/Content/Objects/Characters/BPC_Attack.uexp" 1508
"H:/UnrealEnginesProjects/FalseRuler/Content/Objects/Characters/Magic/BP_Projectile_Base.uasset" 1509
"H:/UnrealEnginesProjects/FalseRuler/Content/Objects/Characters/Magic/BP_Projectile_Base.uexp" 1510
"H:/UnrealEnginesProjects/FalseRuler/Content/Objects/Materials/Feather.uasset" 1511
"H:/UnrealEnginesProjects/FalseRuler/Content/Objects/Materials/Feather.uexp" 1512
"H:/UnrealEnginesProjects/FalseRuler/Content/Objects/Weapons/Fire_Arrow.ubulk" 1513
"H:/UnrealEnginesProjects/FalseRuler/Content/Objects/Weapons/Fire_Arrow.uasset" 1514
"H:/UnrealEnginesProjects/FalseRuler/Content/Objects/Weapons/Fire_Arrow.uexp" 1515
"H:/UnrealEnginesProjects/FalseRuler/Content/Objects/Characters/Magic/BP_Projectile_Arrow_Fire.uasset" 1516
"H:/UnrealEnginesProjects/FalseRuler/Content/Objects/Characters/Magic/BP_Projectile_Arrow_Fire.uexp" 1517
"H:/UnrealEnginesProjects/FalseRuler/Content/UI/FX/Characters/Lonica/M_Lonica_Effect.uasset" 1518
"H:/UnrealEnginesProjects/FalseRuler/Content/UI/FX/Characters/Lonica/M_Lonica_Effect.uexp" 1519
"H:/UnrealEnginesProjects/FalseRuler/Content/Objects/Materials/Tree_2_Branch_T.ubulk" 1520
"H:/UnrealEnginesProjects/FalseRuler/Content/Objects/Materials/Tree_2_Branch_T.uasset" 1521
"H:/UnrealEnginesProjects/FalseRuler/Content/Objects/Materials/Tree_2_Branch_T.uexp" 1522
"H:/UnrealEnginesProjects/FalseRuler/Content/Objects/Materials/Tree_2_Branch_M.uasset" 1523
"H:/UnrealEnginesProjects/FalseRuler/Content/Objects/Materials/Tree_2_Branch_M.uexp" 1524
"H:/UnrealEnginesProjects/FalseRuler/Content/Objects/Materials/Magic_Life_M.uasset" 1525
"H:/UnrealEnginesProjects/FalseRuler/Content/Objects/Materials/Magic_Life_M.uexp" 1526
"H:/UnrealEnginesProjects/FalseRuler/Content/Objects/Materials/Moss_M.uasset" 1527
"H:/UnrealEnginesProjects/FalseRuler/Content/Objects/Materials/Moss_M.uexp" 1528
"H:/UnrealEnginesProjects/FalseRuler/Content/Objects/Materials/Pink_Diamond.uasset" 1529
"H:/UnrealEnginesProjects/FalseRuler/Content/Objects/Materials/Pink_Diamond.uexp" 1530
"H:/UnrealEnginesProjects/FalseRuler/Content/Objects/Materials/Silver.uasset" 1531
"H:/UnrealEnginesProjects/FalseRuler/Content/Objects/Materials/Silver.uexp" 1532
"H:/UnrealEnginesProjects/FalseRuler/Content/Objects/Materials/Tree_2_Leaf_M.uasset" 1533
"H:/UnrealEnginesProjects/FalseRuler/Content/Objects/Materials/Tree_2_Leaf_M.uexp" 1534
"H:/UnrealEnginesProjects/FalseRuler/Content/Objects/Creatures/Human/BasicHuman/BaseHuman_w_Skeleton.uasset" 1535
"H:/UnrealEnginesProjects/FalseRuler/Content/Objects/Creatures/Human/BasicHuman/BaseHuman_w_Skeleton.uexp" 1536
"H:/UnrealEnginesProjects/FalseRuler/Content/Objects/Creatures/Human/Lonica/Lonica_PhysicsAsset.uasset" 1537
"H:/UnrealEnginesProjects/FalseRuler/Content/Objects/Creatures/Human/Lonica/Lonica_PhysicsAsset.uexp" 1538
"H:/UnrealEnginesProjects/FalseRuler/Content/Objects/Creatures/Human/Lonica/Lonica.uasset" 1539
"H:/UnrealEnginesProjects/FalseRuler/Content/Objects/Creatures/Human/Lonica/Lonica.uexp" 1540
"H:/UnrealEnginesProjects/FalseRuler/Content/UI/WG_Death.uasset" 1541
"H:/UnrealEnginesProjects/FalseRuler/Content/UI/WG_Death.uexp" 1542
"H:/UnrealEnginesProjects/FalseRuler/Content/Objects/Materials/Bone.uasset" 1543
"H:/UnrealEnginesProjects/FalseRuler/Content/Objects/Materials/Bone.uexp" 1544
"H:/UnrealEnginesProjects/FalseRuler/Content/Objects/Materials/Cloth_Black.uasset" 1545
"H:/UnrealEnginesProjects/FalseRuler/Content/Objects/Materials/Cloth_Black.uexp" 1546
"H:/UnrealEnginesProjects/FalseRuler/Content/Objects/Materials/Fur_White.uasset" 1547
"H:/UnrealEnginesProjects/FalseRuler/Content/Objects/Materials/Fur_White.uexp" 1548
"H:/UnrealEnginesProjects/FalseRuler/Content/Objects/Creatures/Human/Fragment/Fragment_PhysicsAsset.uasset" 1549
"H:/UnrealEnginesProjects/FalseRuler/Content/Objects/Creatures/Human/Fragment/Fragment_PhysicsAsset.uexp" 1550
"H:/UnrealEnginesProjects/FalseRuler/Content/Objects/Creatures/Human/Fragment/Fragment.uasset" 1551
"H:/UnrealEnginesProjects/FalseRuler/Content/Objects/Creatures/Human/Fragment/Fragment.uexp" 1552
"H:/UnrealEnginesProjects/FalseRuler/Content/Objects/Characters/PlayerCharacter/S_PlayerStatSlot.uasset" 1553
"H:/UnrealEnginesProjects/FalseRuler/Content/Objects/Characters/PlayerCharacter/S_PlayerStatSlot.uexp" 1554
"H:/UnrealEnginesProjects/FalseRuler/Content/Objects/Characters/PlayerCharacter/S_PlayerStats.uasset" 1555
"H:/UnrealEnginesProjects/FalseRuler/Content/Objects/Characters/PlayerCharacter/S_PlayerStats.uexp" 1556
"H:/UnrealEnginesProjects/FalseRuler/Content/Objects/Characters/PlayerCharacter/DB_Character_Stats.uasset" 1557
"H:/UnrealEnginesProjects/FalseRuler/Content/Objects/Characters/PlayerCharacter/DB_Character_Stats.uexp" 1558
"H:/UnrealEnginesProjects/FalseRuler/Content/Objects/Characters/PlayerCharacter/S_PlayerCharacters.uasset" 1559
"H:/UnrealEnginesProjects/FalseRuler/Content/Objects/Characters/PlayerCharacter/S_PlayerCharacters.uexp" 1560
"H:/UnrealEnginesProjects/FalseRuler/Content/Objects/Materials/Cushion.uasset" 1561
"H:/UnrealEnginesProjects/FalseRuler/Content/Objects/Materials/Cushion.uexp" 1562
"H:/UnrealEnginesProjects/FalseRuler/Content/Objects/Materials/Black_Flesh.uasset" 1563
"H:/UnrealEnginesProjects/FalseRuler/Content/Objects/Materials/Black_Flesh.uexp" 1564
"H:/UnrealEnginesProjects/FalseRuler/Content/Objects/Materials/Cloth_Red.uasset" 1565
"H:/UnrealEnginesProjects/FalseRuler/Content/Objects/Materials/Cloth_Red.uexp" 1566
"H:/UnrealEnginesProjects/FalseRuler/Content/Objects/Materials/Fur_Gold.uasset" 1567
"H:/UnrealEnginesProjects/FalseRuler/Content/Objects/Materials/Fur_Gold.uexp" 1568
"H:/UnrealEnginesProjects/FalseRuler/Content/Objects/Materials/Gold.uasset" 1569
"H:/UnrealEnginesProjects/FalseRuler/Content/Objects/Materials/Gold.uexp" 1570
"H:/UnrealEnginesProjects/FalseRuler/Content/Objects/Materials/Iron.uasset" 1571
"H:/UnrealEnginesProjects/FalseRuler/Content/Objects/Materials/Iron.uexp" 1572
"H:/UnrealEnginesProjects/FalseRuler/Content/Objects/Materials/Pink_Flesh.uasset" 1573
"H:/UnrealEnginesProjects/FalseRuler/Content/Objects/Materials/Pink_Flesh.uexp" 1574
"H:/UnrealEnginesProjects/FalseRuler/Content/Objects/Materials/Tooth.uasset" 1575
"H:/UnrealEnginesProjects/FalseRuler/Content/Objects/Materials/Tooth.uexp" 1576
"H:/UnrealEnginesProjects/FalseRuler/Content/Objects/Materials/Virka_Fur.uasset" 1577
"H:/UnrealEnginesProjects/FalseRuler/Content/Objects/Materials/Virka_Fur.uexp" 1578
"H:/UnrealEnginesProjects/FalseRuler/Content/Objects/Creatures/Virka/Virka_PhysicsAsset.uasset" 1579
"H:/UnrealEnginesProjects/FalseRuler/Content/Objects/Creatures/Virka/Virka_PhysicsAsset.uexp" 1580
"H:/UnrealEnginesProjects/FalseRuler/Content/Objects/Creatures/Virka/Virka_Skeleton.uasset" 1581
"H:/UnrealEnginesProjects/FalseRuler/Content/Objects/Creatures/Virka/Virka_Skeleton.uexp" 1582
"H:/UnrealEnginesProjects/FalseRuler/Content/Objects/Creatures/Virka/Virka.uasset" 1583
"H:/UnrealEnginesProjects/FalseRuler/Content/Objects/Creatures/Virka/Virka.uexp" 1584
"H:/UnrealEnginesProjects/FalseRuler/Content/Objects/Materials/Grey_Lips.uasset" 1585
"H:/UnrealEnginesProjects/FalseRuler/Content/Objects/Materials/Grey_Lips.uexp" 1586
"H:/UnrealEnginesProjects/FalseRuler/Content/Objects/Materials/M_Halo.uasset" 1587
"H:/UnrealEnginesProjects/FalseRuler/Content/Objects/Materials/M_Halo.uexp" 1588
"H:/UnrealEnginesProjects/FalseRuler/Content/Objects/Creatures/Human/Ash/Ash_PhysicsAsset.uasset" 1589
"H:/UnrealEnginesProjects/FalseRuler/Content/Objects/Creatures/Human/Ash/Ash_PhysicsAsset.uexp" 1590
"H:/UnrealEnginesProjects/FalseRuler/Content/Objects/Creatures/Human/Ash/Cloth_Teal.uasset" 1591
"H:/UnrealEnginesProjects/FalseRuler/Content/Objects/Creatures/Human/Ash/Cloth_Teal.uexp" 1592
"H:/UnrealEnginesProjects/FalseRuler/Content/Objects/Creatures/Human/Ash/Eye_Green.uasset" 1593
"H:/UnrealEnginesProjects/FalseRuler/Content/Objects/Creatures/Human/Ash/Eye_Green.uexp" 1594
"H:/UnrealEnginesProjects/FalseRuler/Content/Objects/Creatures/Human/Ash/Gem_Green.uasset" 1595
"H:/UnrealEnginesProjects/FalseRuler/Content/Objects/Creatures/Human/Ash/Gem_Green.uexp" 1596
"H:/UnrealEnginesProjects/FalseRuler/Content/Objects/Creatures/Human/Ash/Hair_Black.uasset" 1597
"H:/UnrealEnginesProjects/FalseRuler/Content/Objects/Creatures/Human/Ash/Hair_Black.uexp" 1598
"H:/UnrealEnginesProjects/FalseRuler/Content/Objects/Creatures/Human/Ash/Hair_Blonde.uasset" 1599
"H:/UnrealEnginesProjects/FalseRuler/Content/Objects/Creatures/Human/Ash/Hair_Blonde.uexp" 1600
"H:/UnrealEnginesProjects/FalseRuler/Content/Objects/Creatures/Human/Ash/Red_Falsium.uasset" 1601
"H:/UnrealEnginesProjects/FalseRuler/Content/Objects/Creatures/Human/Ash/Red_Falsium.uexp" 1602
"H:/UnrealEnginesProjects/FalseRuler/Content/Objects/Creatures/Human/Ash/Scalemail_Red.uasset" 1603
"H:/UnrealEnginesProjects/FalseRuler/Content/Objects/Creatures/Human/Ash/Scalemail_Red.uexp" 1604
"H:/UnrealEnginesProjects/FalseRuler/Content/Objects/Creatures/Human/Ash/Sky_Elf_Skin_2.uasset" 1605
"H:/UnrealEnginesProjects/FalseRuler/Content/Objects/Creatures/Human/Ash/Sky_Elf_Skin_2.uexp" 1606
"H:/UnrealEnginesProjects/FalseRuler/Content/Objects/Creatures/Human/Ash/Ash.uasset" 1607
"H:/UnrealEnginesProjects/FalseRuler/Content/Objects/Creatures/Human/Ash/Ash.uexp" 1608
"H:/UnrealEnginesProjects/FalseRuler/Content/Objects/Creatures/Human/BasicHuman/BaseHuman_Tail_Skeleton.uasset" 1609
"H:/UnrealEnginesProjects/FalseRuler/Content/Objects/Creatures/Human/BasicHuman/BaseHuman_Tail_Skeleton.uexp" 1610
"H:/UnrealEnginesProjects/FalseRuler/Content/Objects/Creatures/Human/Faith/Lips_Purple.uasset" 1611
"H:/UnrealEnginesProjects/FalseRuler/Content/Objects/Creatures/Human/Faith/Lips_Purple.uexp" 1612
"H:/UnrealEnginesProjects/FalseRuler/Content/Objects/Creatures/Human/Faith/Skin_Color.ubulk" 1613
"H:/UnrealEnginesProjects/FalseRuler/Content/Objects/Creatures/Human/Faith/Skin_Color.uasset" 1614
"H:/UnrealEnginesProjects/FalseRuler/Content/Objects/Creatures/Human/Faith/Skin_Color.uexp" 1615
"H:/UnrealEnginesProjects/FalseRuler/Content/Objects/Creatures/Human/Faith/Skin_Metallic.ubulk" 1616
"H:/UnrealEnginesProjects/FalseRuler/Content/Objects/Creatures/Human/Faith/Skin_Metallic.uasset" 1617
"H:/UnrealEnginesProjects/FalseRuler/Content/Objects/Creatures/Human/Faith/Skin_Metallic.uexp" 1618
"H:/UnrealEnginesProjects/FalseRuler/Content/Objects/Creatures/Human/Faith/Skin_Normal.ubulk" 1619
"H:/UnrealEnginesProjects/FalseRuler/Content/Objects/Creatures/Human/Faith/Skin_Normal.uasset" 1620
"H:/UnrealEnginesProjects/FalseRuler/Content/Objects/Creatures/Human/Faith/Skin_Normal.uexp" 1621
"H:/UnrealEnginesProjects/FalseRuler/Content/Objects/Creatures/Human/Faith/Skin_Faith.uasset" 1622
"H:/UnrealEnginesProjects/FalseRuler/Content/Objects/Creatures/Human/Faith/Skin_Faith.uexp" 1623
"H:/UnrealEnginesProjects/FalseRuler/Content/Objects/Creatures/Human/Faith/Faiths_Cowl.uasset" 1624
"H:/UnrealEnginesProjects/FalseRuler/Content/Objects/Creatures/Human/Faith/Faiths_Cowl.uexp" 1625
"H:/UnrealEnginesProjects/FalseRuler/Content/Objects/Creatures/Human/Faith/Faith_PhysicsAsset.uasset" 1626
"H:/UnrealEnginesProjects/FalseRuler/Content/Objects/Creatures/Human/Faith/Faith_PhysicsAsset.uexp" 1627
"H:/UnrealEnginesProjects/FalseRuler/Content/Objects/Creatures/Human/Faith/Faith.uasset" 1628
"H:/UnrealEnginesProjects/FalseRuler/Content/Objects/Creatures/Human/Faith/Faith.uexp" 1629
"H:/UnrealEnginesProjects/FalseRuler/Content/Objects/Materials/Hair_Snow.uasset" 1630
"H:/UnrealEnginesProjects/FalseRuler/Content/Objects/Materials/Hair_Snow.uexp" 1631
"H:/UnrealEnginesProjects/FalseRuler/Content/Objects/Materials/Human_Lips_Undead.uasset" 1632
"H:/UnrealEnginesProjects/FalseRuler/Content/Objects/Materials/Human_Lips_Undead.uexp" 1633
"H:/UnrealEnginesProjects/FalseRuler/Content/Objects/Materials/Human_Skin_Undead.uasset" 1634
"H:/UnrealEnginesProjects/FalseRuler/Content/Objects/Materials/Human_Skin_Undead.uexp" 1635
"H:/UnrealEnginesProjects/FalseRuler/Content/Objects/Materials/Scalemail.uasset" 1636
"H:/UnrealEnginesProjects/FalseRuler/Content/Objects/Materials/Scalemail.uexp" 1637
"H:/UnrealEnginesProjects/FalseRuler/Content/Objects/Creatures/Human/Isabelle/Isabelle_PhysicsAsset.uasset" 1638
"H:/UnrealEnginesProjects/FalseRuler/Content/Objects/Creatures/Human/Isabelle/Isabelle_PhysicsAsset.uexp" 1639
"H:/UnrealEnginesProjects/FalseRuler/Content/Objects/Creatures/Human/Isabelle/Isabelle.uasset" 1640
"H:/UnrealEnginesProjects/FalseRuler/Content/Objects/Creatures/Human/Isabelle/Isabelle.uexp" 1641
"H:/UnrealEnginesProjects/FalseRuler/Content/Objects/Materials/Chainmail_T.uasset" 1642
"H:/UnrealEnginesProjects/FalseRuler/Content/Objects/Materials/Chainmail_T.uexp" 1643
"H:/UnrealEnginesProjects/FalseRuler/Content/Objects/Materials/Chainmail.uasset" 1644
"H:/UnrealEnginesProjects/FalseRuler/Content/Objects/Materials/Chainmail.uexp" 1645
"H:/UnrealEnginesProjects/FalseRuler/Content/Objects/Materials/Linen.uasset" 1646
"H:/UnrealEnginesProjects/FalseRuler/Content/Objects/Materials/Linen.uexp" 1647
"H:/UnrealEnginesProjects/FalseRuler/Content/Objects/Creatures/Human/John/John_PhysicsAsset.uasset" 1648
"H:/UnrealEnginesProjects/FalseRuler/Content/Objects/Creatures/Human/John/John_PhysicsAsset.uexp" 1649
"H:/UnrealEnginesProjects/FalseRuler/Content/Objects/Creatures/Human/John/John_BakedDetails_Color.ubulk" 1650
"H:/UnrealEnginesProjects/FalseRuler/Content/Objects/Creatures/Human/John/John_BakedDetails_Color.uasset" 1651
"H:/UnrealEnginesProjects/FalseRuler/Content/Objects/Creatures/Human/John/John_BakedDetails_Color.uexp" 1652
"H:/UnrealEnginesProjects/FalseRuler/Content/Objects/Creatures/Human/John/John_BakedDetails_Metallic.ubulk" 1653
"H:/UnrealEnginesProjects/FalseRuler/Content/Objects/Creatures/Human/John/John_BakedDetails_Metallic.uasset" 1654
"H:/UnrealEnginesProjects/FalseRuler/Content/Objects/Creatures/Human/John/John_BakedDetails_Metallic.uexp" 1655
"H:/UnrealEnginesProjects/FalseRuler/Content/Objects/Creatures/Human/John/John_BakedDetails_Normal.ubulk" 1656
"H:/UnrealEnginesProjects/FalseRuler/Content/Objects/Creatures/Human/John/John_BakedDetails_Normal.uasset" 1657
"H:/UnrealEnginesProjects/FalseRuler/Content/Objects/Creatures/Human/John/John_BakedDetails_Normal.uexp" 1658
"H:/UnrealEnginesProjects/FalseRuler/Content/Objects/Creatures/Human/John/John_BakedDetails_Roughness.ubulk" 1659
"H:/UnrealEnginesProjects/FalseRuler/Content/Objects/Creatures/Human/John/John_BakedDetails_Roughness.uasset" 1660
"H:/UnrealEnginesProjects/FalseRuler/Content/Objects/Creatures/Human/John/John_BakedDetails_Roughness.uexp" 1661
"H:/UnrealEnginesProjects/FalseRuler/Content/Objects/Creatures/Human/John/M_John_LOD2.uasset" 1662
"H:/UnrealEnginesProjects/FalseRuler/Content/Objects/Creatures/Human/John/M_John_LOD2.uexp" 1663
"H:/UnrealEnginesProjects/FalseRuler/Content/Objects/Creatures/Human/John/John.uasset" 1664
"H:/UnrealEnginesProjects/FalseRuler/Content/Objects/Creatures/Human/John/John.uexp" 1665
"H:/UnrealEnginesProjects/FalseRuler/Content/Objects/Creatures/Human/Notus/Ogre_Lips.uasset" 1666
"H:/UnrealEnginesProjects/FalseRuler/Content/Objects/Creatures/Human/Notus/Ogre_Lips.uexp" 1667
"H:/UnrealEnginesProjects/FalseRuler/Content/Objects/Creatures/Human/Notus/Ogre_Skin.uasset" 1668
"H:/UnrealEnginesProjects/FalseRuler/Content/Objects/Creatures/Human/Notus/Ogre_Skin.uexp" 1669
"H:/UnrealEnginesProjects/FalseRuler/Content/Objects/Creatures/Human/Notus/Cheritin_Red.uasset" 1670
"H:/UnrealEnginesProjects/FalseRuler/Content/Objects/Creatures/Human/Notus/Cheritin_Red.uexp" 1671
"H:/UnrealEnginesProjects/FalseRuler/Content/Objects/Creatures/Human/Notus/Cloth_Dark_Red.uasset" 1672
"H:/UnrealEnginesProjects/FalseRuler/Content/Objects/Creatures/Human/Notus/Cloth_Dark_Red.uexp" 1673
"H:/UnrealEnginesProjects/FalseRuler/Content/Objects/Creatures/Human/Notus/Cloth_Grey.uasset" 1674
"H:/UnrealEnginesProjects/FalseRuler/Content/Objects/Creatures/Human/Notus/Cloth_Grey.uexp" 1675
"H:/UnrealEnginesProjects/FalseRuler/Content/Objects/Creatures/Human/Notus/Hair_Red_Ork.uasset" 1676
"H:/UnrealEnginesProjects/FalseRuler/Content/Objects/Creatures/Human/Notus/Hair_Red_Ork.uexp" 1677
"H:/UnrealEnginesProjects/FalseRuler/Content/Objects/Creatures/Human/Notus/Notus_PhysicsAsset.uasset" 1678
"H:/UnrealEnginesProjects/FalseRuler/Content/Objects/Creatures/Human/Notus/Notus_PhysicsAsset.uexp" 1679
"H:/UnrealEnginesProjects/FalseRuler/Content/Objects/Creatures/Human/Notus/Notus.uasset" 1680
"H:/UnrealEnginesProjects/FalseRuler/Content/Objects/Creatures/Human/Notus/Notus.uexp" 1681
"H:/UnrealEnginesProjects/FalseRuler/Content/Objects/Materials/Cloth.uasset" 1682
"H:/UnrealEnginesProjects/FalseRuler/Content/Objects/Materials/Cloth.uexp" 1683
"H:/UnrealEnginesProjects/FalseRuler/Content/Objects/Materials/Agate_M.uasset" 1684
"H:/UnrealEnginesProjects/FalseRuler/Content/Objects/Materials/Agate_M.uexp" 1685
"H:/UnrealEnginesProjects/FalseRuler/Content/Objects/Materials/Eye_Red.uasset" 1686
"H:/UnrealEnginesProjects/FalseRuler/Content/Objects/Materials/Eye_Red.uexp" 1687
"H:/UnrealEnginesProjects/FalseRuler/Content/Objects/Materials/Ork_Lips.uasset" 1688
"H:/UnrealEnginesProjects/FalseRuler/Content/Objects/Materials/Ork_Lips.uexp" 1689
"H:/UnrealEnginesProjects/FalseRuler/Content/Objects/Materials/Ork_Skin.uasset" 1690
"H:/UnrealEnginesProjects/FalseRuler/Content/Objects/Materials/Ork_Skin.uexp" 1691
"H:/UnrealEnginesProjects/FalseRuler/Content/Objects/Creatures/Human/Pierre/Pierre_PhysicsAsset.uasset" 1692
"H:/UnrealEnginesProjects/FalseRuler/Content/Objects/Creatures/Human/Pierre/Pierre_PhysicsAsset.uexp" 1693
"H:/UnrealEnginesProjects/FalseRuler/Content/Objects/Creatures/Human/Pierre/Pierre.uasset" 1694
"H:/UnrealEnginesProjects/FalseRuler/Content/Objects/Creatures/Human/Pierre/Pierre.uexp" 1695
"H:/UnrealEnginesProjects/FalseRuler/Content/Objects/Materials/Eye_Blue.uasset" 1696
"H:/UnrealEnginesProjects/FalseRuler/Content/Objects/Materials/Eye_Blue.uexp" 1697
"H:/UnrealEnginesProjects/FalseRuler/Content/Objects/Creatures/Human/Raad/Phasling_Lips.uasset" 1698
"H:/UnrealEnginesProjects/FalseRuler/Content/Objects/Creatures/Human/Raad/Phasling_Lips.uexp" 1699
"H:/UnrealEnginesProjects/FalseRuler/Content/Objects/Creatures/Human/Raad/Phasling_Skin.uasset" 1700
"H:/UnrealEnginesProjects/FalseRuler/Content/Objects/Creatures/Human/Raad/Phasling_Skin.uexp" 1701
"H:/UnrealEnginesProjects/FalseRuler/Content/Objects/Creatures/Human/Raad/Raad_PhysicsAsset.uasset" 1702
"H:/UnrealEnginesProjects/FalseRuler/Content/Objects/Creatures/Human/Raad/Raad_PhysicsAsset.uexp" 1703
"H:/UnrealEnginesProjects/FalseRuler/Content/Objects/Creatures/Human/Raad/Wool_Teal.uasset" 1704
"H:/UnrealEnginesProjects/FalseRuler/Content/Objects/Creatures/Human/Raad/Wool_Teal.uexp" 1705
"H:/UnrealEnginesProjects/FalseRuler/Content/Objects/Creatures/Human/Raad/Raad.uasset" 1706
"H:/UnrealEnginesProjects/FalseRuler/Content/Objects/Creatures/Human/Raad/Raad.uexp" 1707
"H:/UnrealEnginesProjects/FalseRuler/Content/Objects/Materials/Eye_Gold.uasset" 1708
"H:/UnrealEnginesProjects/FalseRuler/Content/Objects/Materials/Eye_Gold.uexp" 1709
"H:/UnrealEnginesProjects/FalseRuler/Content/Objects/Creatures/Human/Sin/Dark_Cloak_Color.ubulk" 1710
"H:/UnrealEnginesProjects/FalseRuler/Content/Objects/Creatures/Human/Sin/Dark_Cloak_Color.uasset" 1711
"H:/UnrealEnginesProjects/FalseRuler/Content/Objects/Creatures/Human/Sin/Dark_Cloak_Color.uexp" 1712
"H:/UnrealEnginesProjects/FalseRuler/Content/Objects/Creatures/Human/Sin/Dark_Cloak_Roughness.ubulk" 1713
"H:/UnrealEnginesProjects/FalseRuler/Content/Objects/Creatures/Human/Sin/Dark_Cloak_Roughness.uasset" 1714
"H:/UnrealEnginesProjects/FalseRuler/Content/Objects/Creatures/Human/Sin/Dark_Cloak_Roughness.uexp" 1715
"H:/UnrealEnginesProjects/FalseRuler/Content/Objects/Creatures/Human/Sin/Dark_Cloak.uasset" 1716
"H:/UnrealEnginesProjects/FalseRuler/Content/Objects/Creatures/Human/Sin/Dark_Cloak.uexp" 1717
"H:/UnrealEnginesProjects/FalseRuler/Content/Objects/Creatures/Human/Sin/Dark_Cloth.uasset" 1718
"H:/UnrealEnginesProjects/FalseRuler/Content/Objects/Creatures/Human/Sin/Dark_Cloth.uexp" 1719
"H:/UnrealEnginesProjects/FalseRuler/Content/Objects/Creatures/Human/Sin/Monstrosity_Lips.uasset" 1720
"H:/UnrealEnginesProjects/FalseRuler/Content/Objects/Creatures/Human/Sin/Monstrosity_Lips.uexp" 1721
"H:/UnrealEnginesProjects/FalseRuler/Content/Objects/Creatures/Human/Sin/Monstrosity_Skin.uasset" 1722
"H:/UnrealEnginesProjects/FalseRuler/Content/Objects/Creatures/Human/Sin/Monstrosity_Skin.uexp" 1723
"H:/UnrealEnginesProjects/FalseRuler/Content/Objects/Creatures/Human/Sin/Sin_PhysicsAsset.uasset" 1724
"H:/UnrealEnginesProjects/FalseRuler/Content/Objects/Creatures/Human/Sin/Sin_PhysicsAsset.uexp" 1725
"H:/UnrealEnginesProjects/FalseRuler/Content/Objects/Creatures/Human/Sin/Sin.uasset" 1726
"H:/UnrealEnginesProjects/FalseRuler/Content/Objects/Creatures/Human/Sin/Sin.uexp" 1727
"../../../Engine/Content/Functions/Engine_MaterialFunctions01/Density/ExponentialDensity.uasset" 1728
"../../../Engine/Content/Functions/Engine_MaterialFunctions01/Density/ExponentialDensity.uexp" 1729
"../../../Engine/Content/Functions/Engine_MaterialFunctions01/Gradient/RadialGradientExponential.uasset" 1730
"../../../Engine/Content/Functions/Engine_MaterialFunctions01/Gradient/RadialGradientExponential.uexp" 1731
"H:/UnrealEnginesProjects/FalseRuler/Content/UI/FX/Particles/Butterflys/T_Butterfly_1.uasset" 1732
"H:/UnrealEnginesProjects/FalseRuler/Content/UI/FX/Particles/Butterflys/T_Butterfly_1.uexp" 1733
"H:/UnrealEnginesProjects/FalseRuler/Content/UI/FX/Particles/Butterflys/T_Butterfly_FlapWeight.uasset" 1734
"H:/UnrealEnginesProjects/FalseRuler/Content/UI/FX/Particles/Butterflys/T_Butterfly_FlapWeight.uexp" 1735
"H:/UnrealEnginesProjects/FalseRuler/Content/UI/FX/Particles/Butterflys/M_Bug_Flying.uasset" 1736
"H:/UnrealEnginesProjects/FalseRuler/Content/UI/FX/Particles/Butterflys/M_Bug_Flying.uexp" 1737
"H:/UnrealEnginesProjects/FalseRuler/Content/UI/FX/Particles/Butterflys/MI_Butterfly_1.uasset" 1738
"H:/UnrealEnginesProjects/FalseRuler/Content/UI/FX/Particles/Butterflys/MI_Butterfly_1.uexp" 1739
"H:/UnrealEnginesProjects/FalseRuler/Content/UI/FX/Particles/Butterflys/ButteryFly_1.ubulk" 1740
"H:/UnrealEnginesProjects/FalseRuler/Content/UI/FX/Particles/Butterflys/ButteryFly_1.uasset" 1741
"H:/UnrealEnginesProjects/FalseRuler/Content/UI/FX/Particles/Butterflys/ButteryFly_1.uexp" 1742
"H:/UnrealEnginesProjects/FalseRuler/Content/UI/FX/Particles/Butterflys/T_Butterfly_2.uasset" 1743
"H:/UnrealEnginesProjects/FalseRuler/Content/UI/FX/Particles/Butterflys/T_Butterfly_2.uexp" 1744
"H:/UnrealEnginesProjects/FalseRuler/Content/UI/FX/Particles/Butterflys/MI_Butterfly_2.uasset" 1745
"H:/UnrealEnginesProjects/FalseRuler/Content/UI/FX/Particles/Butterflys/MI_Butterfly_2.uexp" 1746
"H:/UnrealEnginesProjects/FalseRuler/Content/UI/FX/Particles/Butterflys/ButteryFly_2.ubulk" 1747
"H:/UnrealEnginesProjects/FalseRuler/Content/UI/FX/Particles/Butterflys/ButteryFly_2.uasset" 1748
"H:/UnrealEnginesProjects/FalseRuler/Content/UI/FX/Particles/Butterflys/ButteryFly_2.uexp" 1749
"H:/UnrealEnginesProjects/FalseRuler/Content/UI/FX/Particles/Butterflys/T_Butterfly_3.uasset" 1750
"H:/UnrealEnginesProjects/FalseRuler/Content/UI/FX/Particles/Butterflys/T_Butterfly_3.uexp" 1751
"H:/UnrealEnginesProjects/FalseRuler/Content/UI/FX/Particles/Butterflys/MI_Butterfly_3.uasset" 1752
"H:/UnrealEnginesProjects/FalseRuler/Content/UI/FX/Particles/Butterflys/MI_Butterfly_3.uexp" 1753
"H:/UnrealEnginesProjects/FalseRuler/Content/UI/FX/Particles/Butterflys/ButteryFly_3.ubulk" 1754
"H:/UnrealEnginesProjects/FalseRuler/Content/UI/FX/Particles/Butterflys/ButteryFly_3.uasset" 1755
"H:/UnrealEnginesProjects/FalseRuler/Content/UI/FX/Particles/Butterflys/ButteryFly_3.uexp" 1756
"../../../Engine/Content/Functions/Engine_MaterialFunctions02/Texturing/CustomRotator.uasset" 1757
"../../../Engine/Content/Functions/Engine_MaterialFunctions02/Texturing/CustomRotator.uexp" 1758
"H:/UnrealEnginesProjects/FalseRuler/Content/Objects/Materials/Shaders/T_Charcoal_3.ubulk" 1759
"H:/UnrealEnginesProjects/FalseRuler/Content/Objects/Materials/Shaders/T_Charcoal_3.uasset" 1760
"H:/UnrealEnginesProjects/FalseRuler/Content/Objects/Materials/Shaders/T_Charcoal_3.uexp" 1761
"H:/UnrealEnginesProjects/FalseRuler/Content/UI/FX/Characters/Lonica/M_Swirl.uasset" 1762
"H:/UnrealEnginesProjects/FalseRuler/Content/UI/FX/Characters/Lonica/M_Swirl.uexp" 1763
"H:/UnrealEnginesProjects/FalseRuler/Content/UI/FX/Characters/Lonica/NS_Lonica_Effect.uasset" 1764
"H:/UnrealEnginesProjects/FalseRuler/Content/UI/FX/Characters/Lonica/NS_Lonica_Effect.uexp" 1765
"H:/UnrealEnginesProjects/FalseRuler/Content/Objects/Characters/PlayerCharacter/BP_PlayerCharacter_.uasset" 1766
"H:/UnrealEnginesProjects/FalseRuler/Content/Objects/Characters/PlayerCharacter/BP_PlayerCharacter_.uexp" 1767
"H:/UnrealEnginesProjects/FalseRuler/Content/Objects/Characters/PlayerCharacter/BP_PlayerState.uasset" 1768
"H:/UnrealEnginesProjects/FalseRuler/Content/Objects/Characters/PlayerCharacter/BP_PlayerState.uexp" 1769
"H:/UnrealEnginesProjects/FalseRuler/Content/GM_3rdPerson.uasset" 1770
"H:/UnrealEnginesProjects/FalseRuler/Content/GM_3rdPerson.uexp" 1771
"H:/UnrealEnginesProjects/FalseRuler/Content/Objects/Materials/Shaders/T_Charcoal.ubulk" 1772
"H:/UnrealEnginesProjects/FalseRuler/Content/Objects/Materials/Shaders/T_Charcoal.uasset" 1773
"H:/UnrealEnginesProjects/FalseRuler/Content/Objects/Materials/Shaders/T_Charcoal.uexp" 1774
"H:/UnrealEnginesProjects/FalseRuler/Content/Objects/Materials/Shaders/T_Charcoal_2.ubulk" 1775
"H:/UnrealEnginesProjects/FalseRuler/Content/Objects/Materials/Shaders/T_Charcoal_2.uasset" 1776
"H:/UnrealEnginesProjects/FalseRuler/Content/Objects/Materials/Shaders/T_Charcoal_2.uexp" 1777
"H:/UnrealEnginesProjects/FalseRuler/Content/Objects/Materials/Shaders/T_Charcoal_4.ubulk" 1778
"H:/UnrealEnginesProjects/FalseRuler/Content/Objects/Materials/Shaders/T_Charcoal_4.uasset" 1779
"H:/UnrealEnginesProjects/FalseRuler/Content/Objects/Materials/Shaders/T_Charcoal_4.uexp" 1780
"H:/UnrealEnginesProjects/FalseRuler/Content/Objects/Materials/Shaders/T_Charcoal_5.ubulk" 1781
"H:/UnrealEnginesProjects/FalseRuler/Content/Objects/Materials/Shaders/T_Charcoal_5.uasset" 1782
"H:/UnrealEnginesProjects/FalseRuler/Content/Objects/Materials/Shaders/T_Charcoal_5.uexp" 1783
"H:/UnrealEnginesProjects/FalseRuler/Content/Objects/Materials/Shaders/T_Charcoal_6.ubulk" 1784
"H:/UnrealEnginesProjects/FalseRuler/Content/Objects/Materials/Shaders/T_Charcoal_6.uasset" 1785
"H:/UnrealEnginesProjects/FalseRuler/Content/Objects/Materials/Shaders/T_Charcoal_6.uexp" 1786
"H:/UnrealEnginesProjects/FalseRuler/Content/Objects/Materials/Shaders/M_S_Charcoal.uasset" 1787
"H:/UnrealEnginesProjects/FalseRuler/Content/Objects/Materials/Shaders/M_S_Charcoal.uexp" 1788
"H:/UnrealEnginesProjects/FalseRuler/Content/Objects/Materials/Shaders/M_S_Charcoal_Inst1.uasset" 1789
"H:/UnrealEnginesProjects/FalseRuler/Content/Objects/Materials/Shaders/M_S_Charcoal_Inst1.uexp" 1790
"H:/UnrealEnginesProjects/FalseRuler/Content/Landscape/Stone1_T.uasset" 1791
"H:/UnrealEnginesProjects/FalseRuler/Content/Landscape/Stone1_T.uexp" 1792
"H:/UnrealEnginesProjects/FalseRuler/Content/Objects/Materials/Stone_1.uasset" 1793
"H:/UnrealEnginesProjects/FalseRuler/Content/Objects/Materials/Stone_1.uexp" 1794
"H:/UnrealEnginesProjects/FalseRuler/Content/Objects/Region_Rooms/Caves/Models/Glowing_Crystal.uasset" 1795
"H:/UnrealEnginesProjects/FalseRuler/Content/Objects/Region_Rooms/Caves/Models/Glowing_Crystal.uexp" 1796
"H:/UnrealEnginesProjects/FalseRuler/Content/Objects/Region_Rooms/Caves/Models/Room_C_1.ubulk" 1797
"H:/UnrealEnginesProjects/FalseRuler/Content/Objects/Region_Rooms/Caves/Models/Room_C_1.uasset" 1798
"H:/UnrealEnginesProjects/FalseRuler/Content/Objects/Region_Rooms/Caves/Models/Room_C_1.uexp" 1799
"H:/UnrealEnginesProjects/FalseRuler/Content/Objects/Region_Rooms/Caves/Models/Room_C_1_Roof.ubulk" 1800
"H:/UnrealEnginesProjects/FalseRuler/Content/Objects/Region_Rooms/Caves/Models/Room_C_1_Roof.uasset" 1801
"H:/UnrealEnginesProjects/FalseRuler/Content/Objects/Region_Rooms/Caves/Models/Room_C_1_Roof.uexp" 1802
"H:/UnrealEnginesProjects/FalseRuler/Content/Objects/Region_Rooms/Generation/Master_Room.uasset" 1803
"H:/UnrealEnginesProjects/FalseRuler/Content/Objects/Region_Rooms/Generation/Master_Room.uexp" 1804
"H:/UnrealEnginesProjects/FalseRuler/Content/Objects/Characters/Enemies/AI/BP_PatrolRoute.uasset" 1805
"H:/UnrealEnginesProjects/FalseRuler/Content/Objects/Characters/Enemies/AI/BP_PatrolRoute.uexp" 1806
"H:/UnrealEnginesProjects/FalseRuler/Content/Objects/Materials/Cheritin.uasset" 1807
"H:/UnrealEnginesProjects/FalseRuler/Content/Objects/Materials/Cheritin.uexp" 1808
"H:/UnrealEnginesProjects/FalseRuler/Content/Objects/Creatures/Ogre/Fur.uasset" 1809
"H:/UnrealEnginesProjects/FalseRuler/Content/Objects/Creatures/Ogre/Fur.uexp" 1810
"H:/UnrealEnginesProjects/FalseRuler/Content/Objects/Creatures/Ogre/Ogre_PhysicsAsset.uasset" 1811
"H:/UnrealEnginesProjects/FalseRuler/Content/Objects/Creatures/Ogre/Ogre_PhysicsAsset.uexp" 1812
"H:/UnrealEnginesProjects/FalseRuler/Content/Objects/Creatures/Ogre/Ogre.uasset" 1813
"H:/UnrealEnginesProjects/FalseRuler/Content/Objects/Creatures/Ogre/Ogre.uexp" 1814
"H:/UnrealEnginesProjects/FalseRuler/Content/Objects/Characters/Enemies/AI/Enums/E_MovementSpeed.uasset" 1815
"H:/UnrealEnginesProjects/FalseRuler/Content/Objects/Characters/Enemies/AI/Enums/E_MovementSpeed.uexp" 1816
"H:/UnrealEnginesProjects/FalseRuler/Content/Objects/Characters/Enemies/AI/BPI_EnemyAI.uasset" 1817
"H:/UnrealEnginesProjects/FalseRuler/Content/Objects/Characters/Enemies/AI/BPI_EnemyAI.uexp" 1818
"H:/UnrealEnginesProjects/FalseRuler/Content/Objects/Characters/Enemies/AI/Enums/E_AISense.uasset" 1819
"H:/UnrealEnginesProjects/FalseRuler/Content/Objects/Characters/Enemies/AI/Enums/E_AISense.uexp" 1820
"H:/UnrealEnginesProjects/FalseRuler/Content/Objects/Characters/Enemies/AI/Enums/E_AIState.uasset" 1821
"H:/UnrealEnginesProjects/FalseRuler/Content/Objects/Characters/Enemies/AI/Enums/E_AIState.uexp" 1822
"H:/UnrealEnginesProjects/FalseRuler/Content/Objects/Characters/Enemies/AI/AIC_Enemy_Base.uasset" 1823
"H:/UnrealEnginesProjects/FalseRuler/Content/Objects/Characters/Enemies/AI/AIC_Enemy_Base.uexp" 1824
"H:/UnrealEnginesProjects/FalseRuler/Content/Objects/Characters/Enemies/AI/BehaviorTrees/BB_Enemy_Base.uasset" 1825
"H:/UnrealEnginesProjects/FalseRuler/Content/Objects/Characters/Enemies/AI/BehaviorTrees/BB_Enemy_Base.uexp" 1826
"H:/UnrealEnginesProjects/FalseRuler/Content/Objects/Characters/Enemies/AI/Tasks/BTT_ClearFocus.uasset" 1827
"H:/UnrealEnginesProjects/FalseRuler/Content/Objects/Characters/Enemies/AI/Tasks/BTT_ClearFocus.uexp" 1828
"H:/UnrealEnginesProjects/FalseRuler/Content/Objects/Characters/Enemies/AI/Tasks/BTT_DefaultAttack.uasset" 1829
"H:/UnrealEnginesProjects/FalseRuler/Content/Objects/Characters/Enemies/AI/Tasks/BTT_DefaultAttack.uexp" 1830
"H:/UnrealEnginesProjects/FalseRuler/Content/Objects/Characters/Enemies/AI/Tasks/BTT_FocusTarget.uasset" 1831
"H:/UnrealEnginesProjects/FalseRuler/Content/Objects/Characters/Enemies/AI/Tasks/BTT_FocusTarget.uexp" 1832
"H:/UnrealEnginesProjects/FalseRuler/Content/Objects/Characters/Enemies/AI/Tasks/BTT_MoveToIdealRange.uasset" 1833
"H:/UnrealEnginesProjects/FalseRuler/Content/Objects/Characters/Enemies/AI/Tasks/BTT_MoveToIdealRange.uexp" 1834
"H:/UnrealEnginesProjects/FalseRuler/Content/Objects/Characters/Enemies/AI/Tasks/BTT_SetMovementSpeed.uasset" 1835
"H:/UnrealEnginesProjects/FalseRuler/Content/Objects/Characters/Enemies/AI/Tasks/BTT_SetMovementSpeed.uexp" 1836
"H:/UnrealEnginesProjects/FalseRuler/Content/Objects/Characters/Enemies/AI/BehaviorTrees/BT_SubTree_AttackMelee.uasset" 1837
"H:/UnrealEnginesProjects/FalseRuler/Content/Objects/Characters/Enemies/AI/BehaviorTrees/BT_SubTree_AttackMelee.uexp" 1838
"H:/UnrealEnginesProjects/FalseRuler/Content/Objects/Characters/Enemies/AI/Tasks/BTT_SetStateAsPassive.uasset" 1839
"H:/UnrealEnginesProjects/FalseRuler/Content/Objects/Characters/Enemies/AI/Tasks/BTT_SetStateAsPassive.uexp" 1840
"H:/UnrealEnginesProjects/FalseRuler/Content/Objects/Characters/Enemies/AI/BehaviorTrees/BT_SubTree_Investigating.uasset" 1841
"H:/UnrealEnginesProjects/FalseRuler/Content/Objects/Characters/Enemies/AI/BehaviorTrees/BT_SubTree_Investigating.uexp" 1842
"H:/UnrealEnginesProjects/FalseRuler/Content/Objects/Characters/Enemies/AI/Decorators/BTD_HasPatrolRoute.uasset" 1843
"H:/UnrealEnginesProjects/FalseRuler/Content/Objects/Characters/Enemies/AI/Decorators/BTD_HasPatrolRoute.uexp" 1844
"H:/UnrealEnginesProjects/FalseRuler/Content/Objects/Characters/Enemies/AI/Tasks/BTT_MoveAlongPatrolRoute.uasset" 1845
"H:/UnrealEnginesProjects/FalseRuler/Content/Objects/Characters/Enemies/AI/Tasks/BTT_MoveAlongPatrolRoute.uexp" 1846
"H:/UnrealEnginesProjects/FalseRuler/Content/Objects/Characters/Enemies/AI/BehaviorTrees/BT_SubTree_Passive.uasset" 1847
"H:/UnrealEnginesProjects/FalseRuler/Content/Objects/Characters/Enemies/AI/BehaviorTrees/BT_SubTree_Passive.uexp" 1848
"H:/UnrealEnginesProjects/FalseRuler/Content/Objects/Characters/Enemies/AI/Decorators/BTD_IsWithinIdealRange.uasset" 1849
"H:/UnrealEnginesProjects/FalseRuler/Content/Objects/Characters/Enemies/AI/Decorators/BTD_IsWithinIdealRange.uexp" 1850
"H:/UnrealEnginesProjects/FalseRuler/Content/Objects/Characters/Enemies/AI/EQS/EQS_Context_AttackTarget.uasset" 1851
"H:/UnrealEnginesProjects/FalseRuler/Content/Objects/Characters/Enemies/AI/EQS/EQS_Context_AttackTarget.uexp" 1852
"H:/UnrealEnginesProjects/FalseRuler/Content/Objects/Characters/Enemies/AI/EQS/EQS_Straif.uasset" 1853
"H:/UnrealEnginesProjects/FalseRuler/Content/Objects/Characters/Enemies/AI/EQS/EQS_Straif.uexp" 1854
"H:/UnrealEnginesProjects/FalseRuler/Content/Objects/Characters/Enemies/AI/BehaviorTrees/BT_SubTree_Straife.uasset" 1855
"H:/UnrealEnginesProjects/FalseRuler/Content/Objects/Characters/Enemies/AI/BehaviorTrees/BT_SubTree_Straife.uexp" 1856
"H:/UnrealEnginesProjects/FalseRuler/Content/Objects/Characters/Enemies/AI/BehaviorTrees/BT_Enemy_Base.uasset" 1857
"H:/UnrealEnginesProjects/FalseRuler/Content/Objects/Characters/Enemies/AI/BehaviorTrees/BT_Enemy_Base.uexp" 1858
"H:/UnrealEnginesProjects/FalseRuler/Content/Objects/Creatures/Human/Animations/Attack_Anims/Hit_Reactions/BaseHuman_Hit_Reaction_1.uasset" 1859
"H:/UnrealEnginesProjects/FalseRuler/Content/Objects/Creatures/Human/Animations/Attack_Anims/Hit_Reactions/BaseHuman_Hit_Reaction_1.uexp" 1860
"H:/UnrealEnginesProjects/FalseRuler/Content/Objects/Creatures/Human/Animations/Attack_Anims/Hit_Reactions/BaseHuman_Hit_Reaction_1_Montage.uasset" 1861
"H:/UnrealEnginesProjects/FalseRuler/Content/Objects/Creatures/Human/Animations/Attack_Anims/Hit_Reactions/BaseHuman_Hit_Reaction_1_Montage.uexp" 1862
"H:/UnrealEnginesProjects/FalseRuler/Content/Objects/Creatures/Human/Animations/Attack_Anims/Hit_Reactions/BaseHuman_Hit_Reaction_2.uasset" 1863
"H:/UnrealEnginesProjects/FalseRuler/Content/Objects/Creatures/Human/Animations/Attack_Anims/Hit_Reactions/BaseHuman_Hit_Reaction_2.uexp" 1864
"H:/UnrealEnginesProjects/FalseRuler/Content/Objects/Creatures/Human/Animations/Attack_Anims/Hit_Reactions/BaseHuman_Hit_Reaction_2_Montage.uasset" 1865
"H:/UnrealEnginesProjects/FalseRuler/Content/Objects/Creatures/Human/Animations/Attack_Anims/Hit_Reactions/BaseHuman_Hit_Reaction_2_Montage.uexp" 1866
"H:/UnrealEnginesProjects/FalseRuler/Content/Objects/Characters/Enemies/BP_Enemy_Base.uasset" 1867
"H:/UnrealEnginesProjects/FalseRuler/Content/Objects/Characters/Enemies/BP_Enemy_Base.uexp" 1868
"H:/UnrealEnginesProjects/FalseRuler/Content/Objects/Characters/Enemies/AI/Tasks/BTT_DefaultAttackRelease.uasset" 1869
"H:/UnrealEnginesProjects/FalseRuler/Content/Objects/Characters/Enemies/AI/Tasks/BTT_DefaultAttackRelease.uexp" 1870
"H:/UnrealEnginesProjects/FalseRuler/Content/Objects/Characters/Enemies/AI/BehaviorTrees/BT_SubTree_Attack_Ranged.uasset" 1871
"H:/UnrealEnginesProjects/FalseRuler/Content/Objects/Characters/Enemies/AI/BehaviorTrees/BT_SubTree_Attack_Ranged.uexp" 1872
"H:/UnrealEnginesProjects/FalseRuler/Content/Objects/Characters/Enemies/AI/EQS/EQS_FindCover.uasset" 1873
"H:/UnrealEnginesProjects/FalseRuler/Content/Objects/Characters/Enemies/AI/EQS/EQS_FindCover.uexp" 1874
"H:/UnrealEnginesProjects/FalseRuler/Content/Objects/Characters/Enemies/AI/BehaviorTrees/BT_SubTree_FindCover.uasset" 1875
"H:/UnrealEnginesProjects/FalseRuler/Content/Objects/Characters/Enemies/AI/BehaviorTrees/BT_SubTree_FindCover.uexp" 1876
"H:/UnrealEnginesProjects/FalseRuler/Content/Objects/Characters/Enemies/AI/BehaviorTrees/BT_Enemy_Ranged.uasset" 1877
"H:/UnrealEnginesProjects/FalseRuler/Content/Objects/Characters/Enemies/AI/BehaviorTrees/BT_Enemy_Ranged.uexp" 1878
"H:/UnrealEnginesProjects/FalseRuler/Content/Objects/Characters/Enemies/BP_Enemy_Base_Ranged.uasset" 1879
"H:/UnrealEnginesProjects/FalseRuler/Content/Objects/Characters/Enemies/BP_Enemy_Base_Ranged.uexp" 1880
"H:/UnrealEnginesProjects/FalseRuler/Content/Objects/Region_Rooms/Caves/Models/C_1Exit2.ubulk" 1881
"H:/UnrealEnginesProjects/FalseRuler/Content/Objects/Region_Rooms/Caves/Models/C_1Exit2.uasset" 1882
"H:/UnrealEnginesProjects/FalseRuler/Content/Objects/Region_Rooms/Caves/Models/C_1Exit2.uexp" 1883
"H:/UnrealEnginesProjects/FalseRuler/Content/Objects/Region_Rooms/Caves/Models/C_1Exit3.ubulk" 1884
"H:/UnrealEnginesProjects/FalseRuler/Content/Objects/Region_Rooms/Caves/Models/C_1Exit3.uasset" 1885
"H:/UnrealEnginesProjects/FalseRuler/Content/Objects/Region_Rooms/Caves/Models/C_1Exit3.uexp" 1886
"H:/UnrealEnginesProjects/FalseRuler/Content/Objects/Region_Rooms/Caves/Models/C_1Exit4.ubulk" 1887
"H:/UnrealEnginesProjects/FalseRuler/Content/Objects/Region_Rooms/Caves/Models/C_1Exit4.uasset" 1888
"H:/UnrealEnginesProjects/FalseRuler/Content/Objects/Region_Rooms/Caves/Models/C_1Exit4.uexp" 1889
"H:/UnrealEnginesProjects/FalseRuler/Content/Objects/Region_Rooms/Generation/Room_C_1.uasset" 1890
"H:/UnrealEnginesProjects/FalseRuler/Content/Objects/Region_Rooms/Generation/Room_C_1.uexp" 1891
"H:/UnrealEnginesProjects/FalseRuler/Content/Objects/Region_Rooms/Caves/Models/Room_C_2.ubulk" 1892
"H:/UnrealEnginesProjects/FalseRuler/Content/Objects/Region_Rooms/Caves/Models/Room_C_2.uasset" 1893
"H:/UnrealEnginesProjects/FalseRuler/Content/Objects/Region_Rooms/Caves/Models/Room_C_2.uexp" 1894
"H:/UnrealEnginesProjects/FalseRuler/Content/Objects/Region_Rooms/Caves/Models/C_2Exit2.ubulk" 1895
"H:/UnrealEnginesProjects/FalseRuler/Content/Objects/Region_Rooms/Caves/Models/C_2Exit2.uasset" 1896
"H:/UnrealEnginesProjects/FalseRuler/Content/Objects/Region_Rooms/Caves/Models/C_2Exit2.uexp" 1897
"H:/UnrealEnginesProjects/FalseRuler/Content/Objects/Region_Rooms/Caves/Models/Room_C_2_Roof.ubulk" 1898
"H:/UnrealEnginesProjects/FalseRuler/Content/Objects/Region_Rooms/Caves/Models/Room_C_2_Roof.uasset" 1899
"H:/UnrealEnginesProjects/FalseRuler/Content/Objects/Region_Rooms/Caves/Models/Room_C_2_Roof.uexp" 1900
"H:/UnrealEnginesProjects/FalseRuler/Content/Objects/Region_Rooms/Generation/Room_C_2.uasset" 1901
"H:/UnrealEnginesProjects/FalseRuler/Content/Objects/Region_Rooms/Generation/Room_C_2.uexp" 1902
"H:/UnrealEnginesProjects/FalseRuler/Content/Objects/Foliage/Leaf_1_T.uasset" 1903
"H:/UnrealEnginesProjects/FalseRuler/Content/Objects/Foliage/Leaf_1_T.uexp" 1904
"H:/UnrealEnginesProjects/FalseRuler/Content/Objects/Foliage/Leaf_3_M.uasset" 1905
"H:/UnrealEnginesProjects/FalseRuler/Content/Objects/Foliage/Leaf_3_M.uexp" 1906
"H:/UnrealEnginesProjects/FalseRuler/Content/Objects/Foliage/Leaf_1_M.uasset" 1907
"H:/UnrealEnginesProjects/FalseRuler/Content/Objects/Foliage/Leaf_1_M.uexp" 1908
"H:/UnrealEnginesProjects/FalseRuler/Content/Objects/Foliage/Leaf_2_M.uasset" 1909
"H:/UnrealEnginesProjects/FalseRuler/Content/Objects/Foliage/Leaf_2_M.uexp" 1910
"H:/UnrealEnginesProjects/FalseRuler/Content/Objects/Foliage/Tree_1_T.uasset" 1911
"H:/UnrealEnginesProjects/FalseRuler/Content/Objects/Foliage/Tree_1_T.uexp" 1912
"H:/UnrealEnginesProjects/FalseRuler/Content/Objects/Foliage/Tree_Wood_1.uasset" 1913
"H:/UnrealEnginesProjects/FalseRuler/Content/Objects/Foliage/Tree_Wood_1.uexp" 1914
"H:/UnrealEnginesProjects/FalseRuler/Content/Objects/Foliage/Tree_4.ubulk" 1915
"H:/UnrealEnginesProjects/FalseRuler/Content/Objects/Foliage/Tree_4.uasset" 1916
"H:/UnrealEnginesProjects/FalseRuler/Content/Objects/Foliage/Tree_4.uexp" 1917
"H:/UnrealEnginesProjects/FalseRuler/Content/UI/FX/Boids/NS_Boids_Basic.uasset" 1918
"H:/UnrealEnginesProjects/FalseRuler/Content/UI/FX/Boids/NS_Boids_Basic.uexp" 1919
"H:/UnrealEnginesProjects/FalseRuler/Content/UI/FX/Particles/NS_CystalGlow.uasset" 1920
"H:/UnrealEnginesProjects/FalseRuler/Content/UI/FX/Particles/NS_CystalGlow.uexp" 1921
"H:/UnrealEnginesProjects/FalseRuler/Content/Objects/Region_Rooms/Caves/Models/Room_C_3.ubulk" 1922
"H:/UnrealEnginesProjects/FalseRuler/Content/Objects/Region_Rooms/Caves/Models/Room_C_3.uasset" 1923
"H:/UnrealEnginesProjects/FalseRuler/Content/Objects/Region_Rooms/Caves/Models/Room_C_3.uexp" 1924
"H:/UnrealEnginesProjects/FalseRuler/Content/Objects/Region_Rooms/Caves/Models/C_3Exit2.ubulk" 1925
"H:/UnrealEnginesProjects/FalseRuler/Content/Objects/Region_Rooms/Caves/Models/C_3Exit2.uasset" 1926
"H:/UnrealEnginesProjects/FalseRuler/Content/Objects/Region_Rooms/Caves/Models/C_3Exit2.uexp" 1927
"H:/UnrealEnginesProjects/FalseRuler/Content/Objects/Region_Rooms/Caves/Models/C_3Exit3.ubulk" 1928
"H:/UnrealEnginesProjects/FalseRuler/Content/Objects/Region_Rooms/Caves/Models/C_3Exit3.uasset" 1929
"H:/UnrealEnginesProjects/FalseRuler/Content/Objects/Region_Rooms/Caves/Models/C_3Exit3.uexp" 1930
"H:/UnrealEnginesProjects/FalseRuler/Content/Objects/Region_Rooms/Caves/Models/Room_C_3_Roof.ubulk" 1931
"H:/UnrealEnginesProjects/FalseRuler/Content/Objects/Region_Rooms/Caves/Models/Room_C_3_Roof.uasset" 1932
"H:/UnrealEnginesProjects/FalseRuler/Content/Objects/Region_Rooms/Caves/Models/Room_C_3_Roof.uexp" 1933
"H:/UnrealEnginesProjects/FalseRuler/Content/Objects/Region_Rooms/Generation/Room_C_3.uasset" 1934
"H:/UnrealEnginesProjects/FalseRuler/Content/Objects/Region_Rooms/Generation/Room_C_3.uexp" 1935
"H:/UnrealEnginesProjects/FalseRuler/Content/Objects/Region_Rooms/Caves/Models/Room_C_4.ubulk" 1936
"H:/UnrealEnginesProjects/FalseRuler/Content/Objects/Region_Rooms/Caves/Models/Room_C_4.uasset" 1937
"H:/UnrealEnginesProjects/FalseRuler/Content/Objects/Region_Rooms/Caves/Models/Room_C_4.uexp" 1938
"H:/UnrealEnginesProjects/FalseRuler/Content/Objects/Region_Rooms/Caves/Models/C_4Exit2.ubulk" 1939
"H:/UnrealEnginesProjects/FalseRuler/Content/Objects/Region_Rooms/Caves/Models/C_4Exit2.uasset" 1940
"H:/UnrealEnginesProjects/FalseRuler/Content/Objects/Region_Rooms/Caves/Models/C_4Exit2.uexp" 1941
"H:/UnrealEnginesProjects/FalseRuler/Content/Objects/Region_Rooms/Caves/Models/C_4Exit3.ubulk" 1942
"H:/UnrealEnginesProjects/FalseRuler/Content/Objects/Region_Rooms/Caves/Models/C_4Exit3.uasset" 1943
"H:/UnrealEnginesProjects/FalseRuler/Content/Objects/Region_Rooms/Caves/Models/C_4Exit3.uexp" 1944
"H:/UnrealEnginesProjects/FalseRuler/Content/Objects/Region_Rooms/Caves/Models/Room_C_4_Roof.ubulk" 1945
"H:/UnrealEnginesProjects/FalseRuler/Content/Objects/Region_Rooms/Caves/Models/Room_C_4_Roof.uasset" 1946
"H:/UnrealEnginesProjects/FalseRuler/Content/Objects/Region_Rooms/Caves/Models/Room_C_4_Roof.uexp" 1947
"H:/UnrealEnginesProjects/FalseRuler/Content/Objects/Region_Rooms/Generation/Room_C_4.uasset" 1948
"H:/UnrealEnginesProjects/FalseRuler/Content/Objects/Region_Rooms/Generation/Room_C_4.uexp" 1949
"H:/UnrealEnginesProjects/FalseRuler/Content/Objects/Region_Rooms/Caves/Models/Room_C_5.ubulk" 1950
"H:/UnrealEnginesProjects/FalseRuler/Content/Objects/Region_Rooms/Caves/Models/Room_C_5.uasset" 1951
"H:/UnrealEnginesProjects/FalseRuler/Content/Objects/Region_Rooms/Caves/Models/Room_C_5.uexp" 1952
"H:/UnrealEnginesProjects/FalseRuler/Content/Objects/Region_Rooms/Caves/Models/C_5Exit2.ubulk" 1953
"H:/UnrealEnginesProjects/FalseRuler/Content/Objects/Region_Rooms/Caves/Models/C_5Exit2.uasset" 1954
"H:/UnrealEnginesProjects/FalseRuler/Content/Objects/Region_Rooms/Caves/Models/C_5Exit2.uexp" 1955
"H:/UnrealEnginesProjects/FalseRuler/Content/Objects/Region_Rooms/Caves/Models/Room_C_5_Roof.ubulk" 1956
"H:/UnrealEnginesProjects/FalseRuler/Content/Objects/Region_Rooms/Caves/Models/Room_C_5_Roof.uasset" 1957
"H:/UnrealEnginesProjects/FalseRuler/Content/Objects/Region_Rooms/Caves/Models/Room_C_5_Roof.uexp" 1958
"H:/UnrealEnginesProjects/FalseRuler/Content/Objects/Region_Rooms/Generation/Room_C_5.uasset" 1959
"H:/UnrealEnginesProjects/FalseRuler/Content/Objects/Region_Rooms/Generation/Room_C_5.uexp" 1960
"H:/UnrealEnginesProjects/FalseRuler/Content/Objects/Region_Rooms/Caves/Models/Room_C_7.ubulk" 1961
"H:/UnrealEnginesProjects/FalseRuler/Content/Objects/Region_Rooms/Caves/Models/Room_C_7.uasset" 1962
"H:/UnrealEnginesProjects/FalseRuler/Content/Objects/Region_Rooms/Caves/Models/Room_C_7.uexp" 1963
"H:/UnrealEnginesProjects/FalseRuler/Content/Objects/Region_Rooms/Caves/Models/C_7Exit2.ubulk" 1964
"H:/UnrealEnginesProjects/FalseRuler/Content/Objects/Region_Rooms/Caves/Models/C_7Exit2.uasset" 1965
"H:/UnrealEnginesProjects/FalseRuler/Content/Objects/Region_Rooms/Caves/Models/C_7Exit2.uexp" 1966
"H:/UnrealEnginesProjects/FalseRuler/Content/Objects/Region_Rooms/Caves/Models/C_7Exit3.ubulk" 1967
"H:/UnrealEnginesProjects/FalseRuler/Content/Objects/Region_Rooms/Caves/Models/C_7Exit3.uasset" 1968
"H:/UnrealEnginesProjects/FalseRuler/Content/Objects/Region_Rooms/Caves/Models/C_7Exit3.uexp" 1969
"H:/UnrealEnginesProjects/FalseRuler/Content/Objects/Region_Rooms/Caves/Models/C_7Exit4.ubulk" 1970
"H:/UnrealEnginesProjects/FalseRuler/Content/Objects/Region_Rooms/Caves/Models/C_7Exit4.uasset" 1971
"H:/UnrealEnginesProjects/FalseRuler/Content/Objects/Region_Rooms/Caves/Models/C_7Exit4.uexp" 1972
"H:/UnrealEnginesProjects/FalseRuler/Content/Objects/Region_Rooms/Caves/Models/C_7Exit5.ubulk" 1973
"H:/UnrealEnginesProjects/FalseRuler/Content/Objects/Region_Rooms/Caves/Models/C_7Exit5.uasset" 1974
"H:/UnrealEnginesProjects/FalseRuler/Content/Objects/Region_Rooms/Caves/Models/C_7Exit5.uexp" 1975
"H:/UnrealEnginesProjects/FalseRuler/Content/Objects/Region_Rooms/Caves/Models/C_7Exit6.ubulk" 1976
"H:/UnrealEnginesProjects/FalseRuler/Content/Objects/Region_Rooms/Caves/Models/C_7Exit6.uasset" 1977
"H:/UnrealEnginesProjects/FalseRuler/Content/Objects/Region_Rooms/Caves/Models/C_7Exit6.uexp" 1978
"H:/UnrealEnginesProjects/FalseRuler/Content/Objects/Region_Rooms/Caves/Models/C_7Exit7.ubulk" 1979
"H:/UnrealEnginesProjects/FalseRuler/Content/Objects/Region_Rooms/Caves/Models/C_7Exit7.uasset" 1980
"H:/UnrealEnginesProjects/FalseRuler/Content/Objects/Region_Rooms/Caves/Models/C_7Exit7.uexp" 1981
"H:/UnrealEnginesProjects/FalseRuler/Content/Objects/Region_Rooms/Caves/Models/C_7Exit8.ubulk" 1982
"H:/UnrealEnginesProjects/FalseRuler/Content/Objects/Region_Rooms/Caves/Models/C_7Exit8.uasset" 1983
"H:/UnrealEnginesProjects/FalseRuler/Content/Objects/Region_Rooms/Caves/Models/C_7Exit8.uexp" 1984
"H:/UnrealEnginesProjects/FalseRuler/Content/Objects/Region_Rooms/Caves/Models/Room_C_7_Roof.ubulk" 1985
"H:/UnrealEnginesProjects/FalseRuler/Content/Objects/Region_Rooms/Caves/Models/Room_C_7_Roof.uasset" 1986
"H:/UnrealEnginesProjects/FalseRuler/Content/Objects/Region_Rooms/Caves/Models/Room_C_7_Roof.uexp" 1987
"H:/UnrealEnginesProjects/FalseRuler/Content/Objects/Region_Rooms/Generation/Room_C_7.uasset" 1988
"H:/UnrealEnginesProjects/FalseRuler/Content/Objects/Region_Rooms/Generation/Room_C_7.uexp" 1989
"H:/UnrealEnginesProjects/FalseRuler/Content/Objects/Region_Rooms/Caves/Models/Room_C_8.ubulk" 1990
"H:/UnrealEnginesProjects/FalseRuler/Content/Objects/Region_Rooms/Caves/Models/Room_C_8.uasset" 1991
"H:/UnrealEnginesProjects/FalseRuler/Content/Objects/Region_Rooms/Caves/Models/Room_C_8.uexp" 1992
"H:/UnrealEnginesProjects/FalseRuler/Content/Objects/Region_Rooms/Caves/Models/C_8_Exit2.ubulk" 1993
"H:/UnrealEnginesProjects/FalseRuler/Content/Objects/Region_Rooms/Caves/Models/C_8_Exit2.uasset" 1994
"H:/UnrealEnginesProjects/FalseRuler/Content/Objects/Region_Rooms/Caves/Models/C_8_Exit2.uexp" 1995
"H:/UnrealEnginesProjects/FalseRuler/Content/Objects/Region_Rooms/Caves/Models/C_8_Exit3.ubulk" 1996
"H:/UnrealEnginesProjects/FalseRuler/Content/Objects/Region_Rooms/Caves/Models/C_8_Exit3.uasset" 1997
"H:/UnrealEnginesProjects/FalseRuler/Content/Objects/Region_Rooms/Caves/Models/C_8_Exit3.uexp" 1998
"H:/UnrealEnginesProjects/FalseRuler/Content/Objects/Region_Rooms/Caves/Models/C_8_Exit4.ubulk" 1999
"H:/UnrealEnginesProjects/FalseRuler/Content/Objects/Region_Rooms/Caves/Models/C_8_Exit4.uasset" 2000
"H:/UnrealEnginesProjects/FalseRuler/Content/Objects/Region_Rooms/Caves/Models/C_8_Exit4.uexp" 2001
"H:/UnrealEnginesProjects/FalseRuler/Content/Objects/Region_Rooms/Caves/Models/C_8_Exit5.ubulk" 2002
"H:/UnrealEnginesProjects/FalseRuler/Content/Objects/Region_Rooms/Caves/Models/C_8_Exit5.uasset" 2003
"H:/UnrealEnginesProjects/FalseRuler/Content/Objects/Region_Rooms/Caves/Models/C_8_Exit5.uexp" 2004
"H:/UnrealEnginesProjects/FalseRuler/Content/Objects/Region_Rooms/Caves/Models/C_8_Exit6.ubulk" 2005
"H:/UnrealEnginesProjects/FalseRuler/Content/Objects/Region_Rooms/Caves/Models/C_8_Exit6.uasset" 2006
"H:/UnrealEnginesProjects/FalseRuler/Content/Objects/Region_Rooms/Caves/Models/C_8_Exit6.uexp" 2007
"H:/UnrealEnginesProjects/FalseRuler/Content/Objects/Region_Rooms/Caves/Models/C_8_Exit7.ubulk" 2008
"H:/UnrealEnginesProjects/FalseRuler/Content/Objects/Region_Rooms/Caves/Models/C_8_Exit7.uasset" 2009
"H:/UnrealEnginesProjects/FalseRuler/Content/Objects/Region_Rooms/Caves/Models/C_8_Exit7.uexp" 2010
"H:/UnrealEnginesProjects/FalseRuler/Content/Objects/Region_Rooms/Caves/Models/C_8_Exit8.ubulk" 2011
"H:/UnrealEnginesProjects/FalseRuler/Content/Objects/Region_Rooms/Caves/Models/C_8_Exit8.uasset" 2012
"H:/UnrealEnginesProjects/FalseRuler/Content/Objects/Region_Rooms/Caves/Models/C_8_Exit8.uexp" 2013
"H:/UnrealEnginesProjects/FalseRuler/Content/Objects/Region_Rooms/Caves/Models/C_8_Exit9.ubulk" 2014
"H:/UnrealEnginesProjects/FalseRuler/Content/Objects/Region_Rooms/Caves/Models/C_8_Exit9.uasset" 2015
"H:/UnrealEnginesProjects/FalseRuler/Content/Objects/Region_Rooms/Caves/Models/C_8_Exit9.uexp" 2016
"H:/UnrealEnginesProjects/FalseRuler/Content/Objects/Region_Rooms/Caves/Models/Room_C_8_Roof.ubulk" 2017
"H:/UnrealEnginesProjects/FalseRuler/Content/Objects/Region_Rooms/Caves/Models/Room_C_8_Roof.uasset" 2018
"H:/UnrealEnginesProjects/FalseRuler/Content/Objects/Region_Rooms/Caves/Models/Room_C_8_Roof.uexp" 2019
"H:/UnrealEnginesProjects/FalseRuler/Content/Objects/Region_Rooms/Generation/Room_C_8.uasset" 2020
"H:/UnrealEnginesProjects/FalseRuler/Content/Objects/Region_Rooms/Generation/Room_C_8.uexp" 2021
"H:/UnrealEnginesProjects/FalseRuler/Content/Objects/Foliage/Tree_1.ubulk" 2022
"H:/UnrealEnginesProjects/FalseRuler/Content/Objects/Foliage/Tree_1.uasset" 2023
"H:/UnrealEnginesProjects/FalseRuler/Content/Objects/Foliage/Tree_1.uexp" 2024
"H:/UnrealEnginesProjects/FalseRuler/Content/UI/WG_Interact.uasset" 2025
"H:/UnrealEnginesProjects/FalseRuler/Content/UI/WG_Interact.uexp" 2026
"H:/UnrealEnginesProjects/FalseRuler/Content/Objects/Region_Rooms/Generation/BP_Exit.uasset" 2027
"H:/UnrealEnginesProjects/FalseRuler/Content/Objects/Region_Rooms/Generation/BP_Exit.uexp" 2028
"H:/UnrealEnginesProjects/FalseRuler/Content/Objects/Region_Rooms/Generation/S_NestedArray_Actor.uasset" 2029
"H:/UnrealEnginesProjects/FalseRuler/Content/Objects/Region_Rooms/Generation/S_NestedArray_Actor.uexp" 2030
"H:/UnrealEnginesProjects/FalseRuler/Content/Objects/Region_Rooms/Generation/BP_Generator.uasset" 2031
"H:/UnrealEnginesProjects/FalseRuler/Content/Objects/Region_Rooms/Generation/BP_Generator.uexp" 2032
"H:/UnrealEnginesProjects/FalseRuler/Content/Levels/Dungeon.uexp" 2033
"H:/UnrealEnginesProjects/FalseRuler/Content/Levels/Dungeon.umap" 2034
"H:/UnrealEnginesProjects/FalseRuler/Content/GM_CharacterSelectorMenu.uasset" 2035
"H:/UnrealEnginesProjects/FalseRuler/Content/GM_CharacterSelectorMenu.uexp" 2036
"H:/UnrealEnginesProjects/FalseRuler/Content/UI/Menus/CharacterSelectMenu/Characters_UI/Portait_Raad.uasset" 2037
"H:/UnrealEnginesProjects/FalseRuler/Content/UI/Menus/CharacterSelectMenu/Characters_UI/Portait_Raad.uexp" 2038
"H:/UnrealEnginesProjects/FalseRuler/Content/UI/Menus/CharacterSelectMenu/Characters_UI/Portait_Sin.uasset" 2039
"H:/UnrealEnginesProjects/FalseRuler/Content/UI/Menus/CharacterSelectMenu/Characters_UI/Portait_Sin.uexp" 2040
"H:/UnrealEnginesProjects/FalseRuler/Content/UI/Menus/CharacterSelectMenu/Characters_UI/Portrait_Ash.uasset" 2041
"H:/UnrealEnginesProjects/FalseRuler/Content/UI/Menus/CharacterSelectMenu/Characters_UI/Portrait_Ash.uexp" 2042
"H:/UnrealEnginesProjects/FalseRuler/Content/UI/Menus/CharacterSelectMenu/Characters_UI/Portrait_Fragment.uasset" 2043
"H:/UnrealEnginesProjects/FalseRuler/Content/UI/Menus/CharacterSelectMenu/Characters_UI/Portrait_Fragment.uexp" 2044
"H:/UnrealEnginesProjects/FalseRuler/Content/UI/Menus/CharacterSelectMenu/Characters_UI/Portrait_Isabelle.uasset" 2045
"H:/UnrealEnginesProjects/FalseRuler/Content/UI/Menus/CharacterSelectMenu/Characters_UI/Portrait_Isabelle.uexp" 2046
"H:/UnrealEnginesProjects/FalseRuler/Content/UI/Menus/CharacterSelectMenu/Characters_UI/Portrait_John.uasset" 2047
"H:/UnrealEnginesProjects/FalseRuler/Content/UI/Menus/CharacterSelectMenu/Characters_UI/Portrait_John.uexp" 2048
"H:/UnrealEnginesProjects/FalseRuler/Content/UI/Menus/CharacterSelectMenu/Characters_UI/Portrait_Lonica.uasset" 2049
"H:/UnrealEnginesProjects/FalseRuler/Content/UI/Menus/CharacterSelectMenu/Characters_UI/Portrait_Lonica.uexp" 2050
"H:/UnrealEnginesProjects/FalseRuler/Content/UI/Menus/CharacterSelectMenu/Characters_UI/Portrait_Notus.uasset" 2051
"H:/UnrealEnginesProjects/FalseRuler/Content/UI/Menus/CharacterSelectMenu/Characters_UI/Portrait_Notus.uexp" 2052
"H:/UnrealEnginesProjects/FalseRuler/Content/UI/Menus/CharacterSelectMenu/Characters_UI/Portrait_Pierre.uasset" 2053
"H:/UnrealEnginesProjects/FalseRuler/Content/UI/Menus/CharacterSelectMenu/Characters_UI/Portrait_Pierre.uexp" 2054
"H:/UnrealEnginesProjects/FalseRuler/Content/UI/Menus/CharacterSelectMenu/Characters_UI/Portrait_Thiene.uasset" 2055
"H:/UnrealEnginesProjects/FalseRuler/Content/UI/Menus/CharacterSelectMenu/Characters_UI/Portrait_Thiene.uexp" 2056
"H:/UnrealEnginesProjects/FalseRuler/Content/Objects/Characters/PlayerCharacter/DB_Characters.uasset" 2057
"H:/UnrealEnginesProjects/FalseRuler/Content/Objects/Characters/PlayerCharacter/DB_Characters.uexp" 2058
"H:/UnrealEnginesProjects/FalseRuler/Content/UI/Menus/CharacterSelectMenu/WB_CharacterSlot.uasset" 2059
"H:/UnrealEnginesProjects/FalseRuler/Content/UI/Menus/CharacterSelectMenu/WB_CharacterSlot.uexp" 2060
"H:/UnrealEnginesProjects/FalseRuler/Content/UI/Menus/CharacterSelectMenu/WB_CharacterSelectMenu.uasset" 2061
"H:/UnrealEnginesProjects/FalseRuler/Content/UI/Menus/CharacterSelectMenu/WB_CharacterSelectMenu.uexp" 2062
"H:/UnrealEnginesProjects/FalseRuler/Content/Levels/CharacterSelectorMenuMap.uexp" 2063
"H:/UnrealEnginesProjects/FalseRuler/Content/Levels/CharacterSelectorMenuMap.umap" 2064
"../../../Engine/Content/EngineMaterials/DefaultPhysicalMaterial.uasset" 2065
"../../../Engine/Content/EngineMaterials/DefaultPhysicalMaterial.uexp" 2066
"../../../Engine/Content/EngineResources/DefaultVolumeTexture2D.uasset" 2067
"../../../Engine/Content/EngineResources/DefaultVolumeTexture2D.uexp" 2068
"../../../Engine/Content/EngineResources/DefaultVolumeTexture.uasset" 2069
"../../../Engine/Content/EngineResources/DefaultVolumeTexture.uexp" 2070
"../../../Engine/Content/Functions/Engine_MaterialFunctions02/Utility/BreakOutFloat4Components.uasset" 2071
"../../../Engine/Content/Functions/Engine_MaterialFunctions02/Utility/BreakOutFloat4Components.uexp" 2072
"../../../Engine/Content/Functions/Engine_MaterialFunctions02/Utility/MakeFloat4.uasset" 2073
"../../../Engine/Content/Functions/Engine_MaterialFunctions02/Utility/MakeFloat4.uexp" 2074
"../../../Engine/Content/EngineSky/VolumetricClouds/VT_Lightning.uasset" 2075
"../../../Engine/Content/EngineSky/VolumetricClouds/VT_Lightning.uexp" 2076
"../../../Engine/Content/Functions/Engine_MaterialFunctions01/Units/Km-to-Cm.uasset" 2077
"../../../Engine/Content/Functions/Engine_MaterialFunctions01/Units/Km-to-Cm.uexp" 2078
"../../../Engine/Content/EngineSky/VolumetricClouds/m_SimpleVolumetricCloud.uasset" 2079
"../../../Engine/Content/EngineSky/VolumetricClouds/m_SimpleVolumetricCloud.uexp" 2080
"../../../Engine/Content/EngineSky/VolumetricClouds/T_CloudMask.ubulk" 2081
"../../../Engine/Content/EngineSky/VolumetricClouds/T_CloudMask.uasset" 2082
"../../../Engine/Content/EngineSky/VolumetricClouds/T_CloudMask.uexp" 2083
"../../../Engine/Content/EngineSky/VolumetricClouds/T_CloudPattern.ubulk" 2084
"../../../Engine/Content/EngineSky/VolumetricClouds/T_CloudPattern.uasset" 2085
"../../../Engine/Content/EngineSky/VolumetricClouds/T_CloudPattern.uexp" 2086
"../../../Engine/Content/EngineSky/VolumetricClouds/T_Profile_08.ubulk" 2087
"../../../Engine/Content/EngineSky/VolumetricClouds/T_Profile_08.uasset" 2088
"../../../Engine/Content/EngineSky/VolumetricClouds/T_Profile_08.uexp" 2089
"../../../Engine/Content/EngineSky/VolumetricClouds/VT_PerlinWorley_Balanced.uasset" 2090
"../../../Engine/Content/EngineSky/VolumetricClouds/VT_PerlinWorley_Balanced.uexp" 2091
"../../../Engine/Content/EngineSky/VolumetricClouds/m_SimpleVolumetricCloud_Inst.uasset" 2092
"../../../Engine/Content/EngineSky/VolumetricClouds/m_SimpleVolumetricCloud_Inst.uexp" 2093
"../../../Engine/Content/EngineSky/T_Sky_Blue.ubulk" 2094
"../../../Engine/Content/EngineSky/T_Sky_Blue.uasset" 2095
"../../../Engine/Content/EngineSky/T_Sky_Blue.uexp" 2096
"../../../Engine/Content/EngineSky/T_Sky_Clouds_M.ubulk" 2097
"../../../Engine/Content/EngineSky/T_Sky_Clouds_M.uasset" 2098
"../../../Engine/Content/EngineSky/T_Sky_Clouds_M.uexp" 2099
"../../../Engine/Content/EngineSky/T_Sky_Stars.ubulk" 2100
"../../../Engine/Content/EngineSky/T_Sky_Stars.uasset" 2101
"../../../Engine/Content/EngineSky/T_Sky_Stars.uexp" 2102
"../../../Engine/Content/EngineSky/M_Sky_Panning_Clouds2.uasset" 2103
"../../../Engine/Content/EngineSky/M_Sky_Panning_Clouds2.uexp" 2104
"../../../Engine/Content/EngineSky/SM_SkySphere.ubulk" 2105
"../../../Engine/Content/EngineSky/SM_SkySphere.uasset" 2106
"../../../Engine/Content/EngineSky/SM_SkySphere.uexp" 2107
"../../../Engine/Content/EngineSky/M_SimpleSkyDome.uasset" 2108
"../../../Engine/Content/EngineSky/M_SimpleSkyDome.uexp" 2109
"H:/UnrealEnginesProjects/FalseRuler/Content/Landscape/Dirt_LayerInfo.uasset" 2110
"H:/UnrealEnginesProjects/FalseRuler/Content/Landscape/Dirt_LayerInfo.uexp" 2111
"H:/UnrealEnginesProjects/FalseRuler/Content/Landscape/Dry_Grass_LayerInfo.uasset" 2112
"H:/UnrealEnginesProjects/FalseRuler/Content/Landscape/Dry_Grass_LayerInfo.uexp" 2113
"H:/UnrealEnginesProjects/FalseRuler/Content/Landscape/Grass_LayerInfo.uasset" 2114
"H:/UnrealEnginesProjects/FalseRuler/Content/Landscape/Grass_LayerInfo.uexp" 2115
"H:/UnrealEnginesProjects/FalseRuler/Content/Landscape/Gravel_LayerInfo.uasset" 2116
"H:/UnrealEnginesProjects/FalseRuler/Content/Landscape/Gravel_LayerInfo.uexp" 2117
"../../../Engine/Content/EngineMaterials/WeightMapPlaceholderTexture.uasset" 2118
"../../../Engine/Content/EngineMaterials/WeightMapPlaceholderTexture.uexp" 2119
"../../../Engine/Content/EngineMaterials/WeightMapArrayPlaceholderTexture.uasset" 2120
"../../../Engine/Content/EngineMaterials/WeightMapArrayPlaceholderTexture.uexp" 2121
"../../../Engine/Content/EngineMaterials/T_Default_MacroVariation.ubulk" 2122
"../../../Engine/Content/EngineMaterials/T_Default_MacroVariation.uasset" 2123
"../../../Engine/Content/EngineMaterials/T_Default_MacroVariation.uexp" 2124
"H:/UnrealEnginesProjects/FalseRuler/Content/Landscape/Dirt_H.uasset" 2125
"H:/UnrealEnginesProjects/FalseRuler/Content/Landscape/Dirt_H.uexp" 2126
"H:/UnrealEnginesProjects/FalseRuler/Content/Landscape/Dirt_T.uasset" 2127
"H:/UnrealEnginesProjects/FalseRuler/Content/Landscape/Dirt_T.uexp" 2128
"H:/UnrealEnginesProjects/FalseRuler/Content/Landscape/Dry_Grass.uasset" 2129
"H:/UnrealEnginesProjects/FalseRuler/Content/Landscape/Dry_Grass.uexp" 2130
"H:/UnrealEnginesProjects/FalseRuler/Content/Landscape/Grass1.uasset" 2131
"H:/UnrealEnginesProjects/FalseRuler/Content/Landscape/Grass1.uexp" 2132
"H:/UnrealEnginesProjects/FalseRuler/Content/Landscape/Rocky1.uasset" 2133
"H:/UnrealEnginesProjects/FalseRuler/Content/Landscape/Rocky1.uexp" 2134
"H:/UnrealEnginesProjects/FalseRuler/Content/Landscape/Rocky1_N.uasset" 2135
"H:/UnrealEnginesProjects/FalseRuler/Content/Landscape/Rocky1_N.uexp" 2136
"H:/UnrealEnginesProjects/FalseRuler/Content/Objects/Foliage/Plant_Stem_Green.uasset" 2137
"H:/UnrealEnginesProjects/FalseRuler/Content/Objects/Foliage/Plant_Stem_Green.uexp" 2138
"H:/UnrealEnginesProjects/FalseRuler/Content/Objects/Foliage/GrassPatch_1.ubulk" 2139
"H:/UnrealEnginesProjects/FalseRuler/Content/Objects/Foliage/GrassPatch_1.uasset" 2140
"H:/UnrealEnginesProjects/FalseRuler/Content/Objects/Foliage/GrassPatch_1.uexp" 2141
"H:/UnrealEnginesProjects/FalseRuler/Content/Objects/Foliage/GrassPatch_2.ubulk" 2142
"H:/UnrealEnginesProjects/FalseRuler/Content/Objects/Foliage/GrassPatch_2.uasset" 2143
"H:/UnrealEnginesProjects/FalseRuler/Content/Objects/Foliage/GrassPatch_2.uexp" 2144
"H:/UnrealEnginesProjects/FalseRuler/Content/Objects/Foliage/Flower_1_M_Inst1.uasset" 2145
"H:/UnrealEnginesProjects/FalseRuler/Content/Objects/Foliage/Flower_1_M_Inst1.uexp" 2146
"H:/UnrealEnginesProjects/FalseRuler/Content/Objects/Foliage/Flower_2_T.uasset" 2147
"H:/UnrealEnginesProjects/FalseRuler/Content/Objects/Foliage/Flower_2_T.uexp" 2148
"H:/UnrealEnginesProjects/FalseRuler/Content/Objects/Foliage/Flower_2_M.uasset" 2149
"H:/UnrealEnginesProjects/FalseRuler/Content/Objects/Foliage/Flower_2_M.uexp" 2150
"H:/UnrealEnginesProjects/FalseRuler/Content/Objects/Foliage/Flower_2_M_Inst.uasset" 2151
"H:/UnrealEnginesProjects/FalseRuler/Content/Objects/Foliage/Flower_2_M_Inst.uexp" 2152
"H:/UnrealEnginesProjects/FalseRuler/Content/Objects/Foliage/GrassPatch_3.ubulk" 2153
"H:/UnrealEnginesProjects/FalseRuler/Content/Objects/Foliage/GrassPatch_3.uasset" 2154
"H:/UnrealEnginesProjects/FalseRuler/Content/Objects/Foliage/GrassPatch_3.uexp" 2155
"H:/UnrealEnginesProjects/FalseRuler/Content/Objects/Foliage/GrassPatch_4.ubulk" 2156
"H:/UnrealEnginesProjects/FalseRuler/Content/Objects/Foliage/GrassPatch_4.uasset" 2157
"H:/UnrealEnginesProjects/FalseRuler/Content/Objects/Foliage/GrassPatch_4.uexp" 2158
"H:/UnrealEnginesProjects/FalseRuler/Content/Objects/Foliage/GrassPatch_5.ubulk" 2159
"H:/UnrealEnginesProjects/FalseRuler/Content/Objects/Foliage/GrassPatch_5.uasset" 2160
"H:/UnrealEnginesProjects/FalseRuler/Content/Objects/Foliage/GrassPatch_5.uexp" 2161
"H:/UnrealEnginesProjects/FalseRuler/Content/Objects/Foliage/Grass1_LFG.uasset" 2162
"H:/UnrealEnginesProjects/FalseRuler/Content/Objects/Foliage/Grass1_LFG.uexp" 2163
"H:/UnrealEnginesProjects/FalseRuler/Content/Landscape/Landscape_M.uasset" 2164
"H:/UnrealEnginesProjects/FalseRuler/Content/Landscape/Landscape_M.uexp" 2165
"H:/UnrealEnginesProjects/FalseRuler/Content/Landscape/Rocky_Dirt_LayerInfo.uasset" 2166
"H:/UnrealEnginesProjects/FalseRuler/Content/Landscape/Rocky_Dirt_LayerInfo.uexp" 2167
"H:/UnrealEnginesProjects/FalseRuler/Content/Objects/Decor/Anvil.ubulk" 2168
"H:/UnrealEnginesProjects/FalseRuler/Content/Objects/Decor/Anvil.uasset" 2169
"H:/UnrealEnginesProjects/FalseRuler/Content/Objects/Decor/Anvil.uexp" 2170
"H:/UnrealEnginesProjects/FalseRuler/Content/Objects/Decor/Entrance_LOD0_Color.ubulk" 2171
"H:/UnrealEnginesProjects/FalseRuler/Content/Objects/Decor/Entrance_LOD0_Color.uasset" 2172
"H:/UnrealEnginesProjects/FalseRuler/Content/Objects/Decor/Entrance_LOD0_Color.uexp" 2173
"H:/UnrealEnginesProjects/FalseRuler/Content/Objects/Decor/Entrance_LOD0_Roughness.ubulk" 2174
"H:/UnrealEnginesProjects/FalseRuler/Content/Objects/Decor/Entrance_LOD0_Roughness.uasset" 2175
"H:/UnrealEnginesProjects/FalseRuler/Content/Objects/Decor/Entrance_LOD0_Roughness.uexp" 2176
"H:/UnrealEnginesProjects/FalseRuler/Content/Objects/Decor/M_DungeonEntrance.uasset" 2177
"H:/UnrealEnginesProjects/FalseRuler/Content/Objects/Decor/M_DungeonEntrance.uexp" 2178
"H:/UnrealEnginesProjects/FalseRuler/Content/Objects/Decor/Entrance_LOD01.ubulk" 2179
"H:/UnrealEnginesProjects/FalseRuler/Content/Objects/Decor/Entrance_LOD01.uasset" 2180
"H:/UnrealEnginesProjects/FalseRuler/Content/Objects/Decor/Entrance_LOD01.uexp" 2181
"H:/UnrealEnginesProjects/FalseRuler/Content/Objects/Decor/Entrance_Plain.ubulk" 2182
"H:/UnrealEnginesProjects/FalseRuler/Content/Objects/Decor/Entrance_Plain.uasset" 2183
"H:/UnrealEnginesProjects/FalseRuler/Content/Objects/Decor/Entrance_Plain.uexp" 2184
"H:/UnrealEnginesProjects/FalseRuler/Content/Objects/Decor/BP_DungeonEntrance.uasset" 2185
"H:/UnrealEnginesProjects/FalseRuler/Content/Objects/Decor/BP_DungeonEntrance.uexp" 2186
"H:/UnrealEnginesProjects/FalseRuler/Content/Objects/Decor/Curtain_1.ubulk" 2187
"H:/UnrealEnginesProjects/FalseRuler/Content/Objects/Decor/Curtain_1.uasset" 2188
"H:/UnrealEnginesProjects/FalseRuler/Content/Objects/Decor/Curtain_1.uexp" 2189
"H:/UnrealEnginesProjects/FalseRuler/Content/Objects/Materials/Wood_1.uasset" 2190
"H:/UnrealEnginesProjects/FalseRuler/Content/Objects/Materials/Wood_1.uexp" 2191
"H:/UnrealEnginesProjects/FalseRuler/Content/Objects/Decor/Curtain_1_Hanger.ubulk" 2192
"H:/UnrealEnginesProjects/FalseRuler/Content/Objects/Decor/Curtain_1_Hanger.uasset" 2193
"H:/UnrealEnginesProjects/FalseRuler/Content/Objects/Decor/Curtain_1_Hanger.uexp" 2194
"H:/UnrealEnginesProjects/FalseRuler/Content/Objects/Decor/Curtain_1_B.uasset" 2195
"H:/UnrealEnginesProjects/FalseRuler/Content/Objects/Decor/Curtain_1_B.uexp" 2196
"H:/UnrealEnginesProjects/FalseRuler/Content/Objects/Decor/Curtain_3.ubulk" 2197
"H:/UnrealEnginesProjects/FalseRuler/Content/Objects/Decor/Curtain_3.uasset" 2198
"H:/UnrealEnginesProjects/FalseRuler/Content/Objects/Decor/Curtain_3.uexp" 2199
"H:/UnrealEnginesProjects/FalseRuler/Content/Objects/Decor/Curtain_3_B.uasset" 2200
"H:/UnrealEnginesProjects/FalseRuler/Content/Objects/Decor/Curtain_3_B.uexp" 2201
"H:/UnrealEnginesProjects/FalseRuler/Content/Objects/Decor/Fence.ubulk" 2202
"H:/UnrealEnginesProjects/FalseRuler/Content/Objects/Decor/Fence.uasset" 2203
"H:/UnrealEnginesProjects/FalseRuler/Content/Objects/Decor/Fence.uexp" 2204
"H:/UnrealEnginesProjects/FalseRuler/Content/Objects/Decor/Fence_Gate.ubulk" 2205
"H:/UnrealEnginesProjects/FalseRuler/Content/Objects/Decor/Fence_Gate.uasset" 2206
"H:/UnrealEnginesProjects/FalseRuler/Content/Objects/Decor/Fence_Gate.uexp" 2207
"H:/UnrealEnginesProjects/FalseRuler/Content/Objects/Decor/Fence_Gate_B.uasset" 2208
"H:/UnrealEnginesProjects/FalseRuler/Content/Objects/Decor/Fence_Gate_B.uexp" 2209
"H:/UnrealEnginesProjects/FalseRuler/Content/Objects/Materials/Clay.uasset" 2210
"H:/UnrealEnginesProjects/FalseRuler/Content/Objects/Materials/Clay.uexp" 2211
"H:/UnrealEnginesProjects/FalseRuler/Content/Objects/Decor/Furnace.ubulk" 2212
"H:/UnrealEnginesProjects/FalseRuler/Content/Objects/Decor/Furnace.uasset" 2213
"H:/UnrealEnginesProjects/FalseRuler/Content/Objects/Decor/Furnace.uexp" 2214
"H:/UnrealEnginesProjects/FalseRuler/Content/Objects/Materials/Strings1_T.uasset" 2215
"H:/UnrealEnginesProjects/FalseRuler/Content/Objects/Materials/Strings1_T.uexp" 2216
"H:/UnrealEnginesProjects/FalseRuler/Content/Objects/Materials/Stings1_M.uasset" 2217
"H:/UnrealEnginesProjects/FalseRuler/Content/Objects/Materials/Stings1_M.uexp" 2218
"H:/UnrealEnginesProjects/FalseRuler/Content/Objects/Decor/Loom.ubulk" 2219
"H:/UnrealEnginesProjects/FalseRuler/Content/Objects/Decor/Loom.uasset" 2220
"H:/UnrealEnginesProjects/FalseRuler/Content/Objects/Decor/Loom.uexp" 2221
"H:/UnrealEnginesProjects/FalseRuler/Content/Objects/Decor/Mountain_1.ubulk" 2222
"H:/UnrealEnginesProjects/FalseRuler/Content/Objects/Decor/Mountain_1.uasset" 2223
"H:/UnrealEnginesProjects/FalseRuler/Content/Objects/Decor/Mountain_1.uexp" 2224
"H:/UnrealEnginesProjects/FalseRuler/Content/Objects/Decor/Mountain_2.ubulk" 2225
"H:/UnrealEnginesProjects/FalseRuler/Content/Objects/Decor/Mountain_2.uasset" 2226
"H:/UnrealEnginesProjects/FalseRuler/Content/Objects/Decor/Mountain_2.uexp" 2227
"H:/UnrealEnginesProjects/FalseRuler/Content/Objects/Materials/Water.uasset" 2228
"H:/UnrealEnginesProjects/FalseRuler/Content/Objects/Materials/Water.uexp" 2229
"H:/UnrealEnginesProjects/FalseRuler/Content/Objects/Decor/Quenching_Tub.ubulk" 2230
"H:/UnrealEnginesProjects/FalseRuler/Content/Objects/Decor/Quenching_Tub.uasset" 2231
"H:/UnrealEnginesProjects/FalseRuler/Content/Objects/Decor/Quenching_Tub.uexp" 2232
"H:/UnrealEnginesProjects/FalseRuler/Content/Objects/Decor/Stool_1.ubulk" 2233
"H:/UnrealEnginesProjects/FalseRuler/Content/Objects/Decor/Stool_1.uasset" 2234
"H:/UnrealEnginesProjects/FalseRuler/Content/Objects/Decor/Stool_1.uexp" 2235
"H:/UnrealEnginesProjects/FalseRuler/Content/Objects/Decor/Tent_1.ubulk" 2236
"H:/UnrealEnginesProjects/FalseRuler/Content/Objects/Decor/Tent_1.uasset" 2237
"H:/UnrealEnginesProjects/FalseRuler/Content/Objects/Decor/Tent_1.uexp" 2238
"H:/UnrealEnginesProjects/FalseRuler/Content/Objects/Decor/Tent_2.ubulk" 2239
"H:/UnrealEnginesProjects/FalseRuler/Content/Objects/Decor/Tent_2.uasset" 2240
"H:/UnrealEnginesProjects/FalseRuler/Content/Objects/Decor/Tent_2.uexp" 2241
"H:/UnrealEnginesProjects/FalseRuler/Content/Objects/Decor/Tent_3.ubulk" 2242
"H:/UnrealEnginesProjects/FalseRuler/Content/Objects/Decor/Tent_3.uasset" 2243
"H:/UnrealEnginesProjects/FalseRuler/Content/Objects/Decor/Tent_3.uexp" 2244
"H:/UnrealEnginesProjects/FalseRuler/Content/Objects/Decor/Unfinished_Sword.ubulk" 2245
"H:/UnrealEnginesProjects/FalseRuler/Content/Objects/Decor/Unfinished_Sword.uasset" 2246
"H:/UnrealEnginesProjects/FalseRuler/Content/Objects/Decor/Unfinished_Sword.uexp" 2247
"H:/UnrealEnginesProjects/FalseRuler/Content/Objects/Materials/SpiderWeb1.uasset" 2248
"H:/UnrealEnginesProjects/FalseRuler/Content/Objects/Materials/SpiderWeb1.uexp" 2249
"H:/UnrealEnginesProjects/FalseRuler/Content/Objects/Materials/SpiderWeb1_M.uasset" 2250
"H:/UnrealEnginesProjects/FalseRuler/Content/Objects/Materials/SpiderWeb1_M.uexp" 2251
"H:/UnrealEnginesProjects/FalseRuler/Content/Objects/Decor/Web_Catcher.ubulk" 2252
"H:/UnrealEnginesProjects/FalseRuler/Content/Objects/Decor/Web_Catcher.uasset" 2253
"H:/UnrealEnginesProjects/FalseRuler/Content/Objects/Decor/Web_Catcher.uexp" 2254
"H:/UnrealEnginesProjects/FalseRuler/Content/Objects/Foliage/Boulder_1.ubulk" 2255
"H:/UnrealEnginesProjects/FalseRuler/Content/Objects/Foliage/Boulder_1.uasset" 2256
"H:/UnrealEnginesProjects/FalseRuler/Content/Objects/Foliage/Boulder_1.uexp" 2257
"H:/UnrealEnginesProjects/FalseRuler/Content/Objects/Foliage/Boulder_2.ubulk" 2258
"H:/UnrealEnginesProjects/FalseRuler/Content/Objects/Foliage/Boulder_2.uasset" 2259
"H:/UnrealEnginesProjects/FalseRuler/Content/Objects/Foliage/Boulder_2.uexp" 2260
"H:/UnrealEnginesProjects/FalseRuler/Content/Objects/Foliage/Boulder_3.ubulk" 2261
"H:/UnrealEnginesProjects/FalseRuler/Content/Objects/Foliage/Boulder_3.uasset" 2262
"H:/UnrealEnginesProjects/FalseRuler/Content/Objects/Foliage/Boulder_3.uexp" 2263
"H:/UnrealEnginesProjects/FalseRuler/Content/Objects/Foliage/Clover.uasset" 2264
"H:/UnrealEnginesProjects/FalseRuler/Content/Objects/Foliage/Clover.uexp" 2265
"H:/UnrealEnginesProjects/FalseRuler/Content/Objects/Foliage/Clover_1.ubulk" 2266
"H:/UnrealEnginesProjects/FalseRuler/Content/Objects/Foliage/Clover_1.uasset" 2267
"H:/UnrealEnginesProjects/FalseRuler/Content/Objects/Foliage/Clover_1.uexp" 2268
"H:/UnrealEnginesProjects/FalseRuler/Content/Objects/Foliage/Clover1_F.uasset" 2269
"H:/UnrealEnginesProjects/FalseRuler/Content/Objects/Foliage/Clover1_F.uexp" 2270
"H:/UnrealEnginesProjects/FalseRuler/Content/Objects/Foliage/Clover_2.ubulk" 2271
"H:/UnrealEnginesProjects/FalseRuler/Content/Objects/Foliage/Clover_2.uasset" 2272
"H:/UnrealEnginesProjects/FalseRuler/Content/Objects/Foliage/Clover_2.uexp" 2273
"H:/UnrealEnginesProjects/FalseRuler/Content/Objects/Foliage/Clover2_F.uasset" 2274
"H:/UnrealEnginesProjects/FalseRuler/Content/Objects/Foliage/Clover2_F.uexp" 2275
"H:/UnrealEnginesProjects/FalseRuler/Content/Objects/Foliage/Flower_Color_1.uasset" 2276
"H:/UnrealEnginesProjects/FalseRuler/Content/Objects/Foliage/Flower_Color_1.uexp" 2277
"H:/UnrealEnginesProjects/FalseRuler/Content/Objects/Foliage/Flower_1.ubulk" 2278
"H:/UnrealEnginesProjects/FalseRuler/Content/Objects/Foliage/Flower_1.uasset" 2279
"H:/UnrealEnginesProjects/FalseRuler/Content/Objects/Foliage/Flower_1.uexp" 2280
"H:/UnrealEnginesProjects/FalseRuler/Content/Objects/Foliage/Flower1_F.uasset" 2281
"H:/UnrealEnginesProjects/FalseRuler/Content/Objects/Foliage/Flower1_F.uexp" 2282
"H:/UnrealEnginesProjects/FalseRuler/Content/Objects/Foliage/Flower_2.ubulk" 2283
"H:/UnrealEnginesProjects/FalseRuler/Content/Objects/Foliage/Flower_2.uasset" 2284
"H:/UnrealEnginesProjects/FalseRuler/Content/Objects/Foliage/Flower_2.uexp" 2285
"H:/UnrealEnginesProjects/FalseRuler/Content/Objects/Foliage/Flower2_F.uasset" 2286
"H:/UnrealEnginesProjects/FalseRuler/Content/Objects/Foliage/Flower2_F.uexp" 2287
"H:/UnrealEnginesProjects/FalseRuler/Content/Objects/Foliage/Ground_Cover_1.ubulk" 2288
"H:/UnrealEnginesProjects/FalseRuler/Content/Objects/Foliage/Ground_Cover_1.uasset" 2289
"H:/UnrealEnginesProjects/FalseRuler/Content/Objects/Foliage/Ground_Cover_1.uexp" 2290
"H:/UnrealEnginesProjects/FalseRuler/Content/Objects/Foliage/GroundCover1_F.uasset" 2291
"H:/UnrealEnginesProjects/FalseRuler/Content/Objects/Foliage/GroundCover1_F.uexp" 2292
"H:/UnrealEnginesProjects/FalseRuler/Content/Objects/Foliage/Ground_Cover_2.ubulk" 2293
"H:/UnrealEnginesProjects/FalseRuler/Content/Objects/Foliage/Ground_Cover_2.uasset" 2294
"H:/UnrealEnginesProjects/FalseRuler/Content/Objects/Foliage/Ground_Cover_2.uexp" 2295
"H:/UnrealEnginesProjects/FalseRuler/Content/Objects/Foliage/GroundCover2_F.uasset" 2296
"H:/UnrealEnginesProjects/FalseRuler/Content/Objects/Foliage/GroundCover2_F.uexp" 2297
"H:/UnrealEnginesProjects/FalseRuler/Content/Objects/Foliage/Pebbles_1.ubulk" 2298
"H:/UnrealEnginesProjects/FalseRuler/Content/Objects/Foliage/Pebbles_1.uasset" 2299
"H:/UnrealEnginesProjects/FalseRuler/Content/Objects/Foliage/Pebbles_1.uexp" 2300
"H:/UnrealEnginesProjects/FalseRuler/Content/Objects/Foliage/Pebbles1_F.uasset" 2301
"H:/UnrealEnginesProjects/FalseRuler/Content/Objects/Foliage/Pebbles1_F.uexp" 2302
"H:/UnrealEnginesProjects/FalseRuler/Content/Objects/Foliage/Pebbles_2.ubulk" 2303
"H:/UnrealEnginesProjects/FalseRuler/Content/Objects/Foliage/Pebbles_2.uasset" 2304
"H:/UnrealEnginesProjects/FalseRuler/Content/Objects/Foliage/Pebbles_2.uexp" 2305
"H:/UnrealEnginesProjects/FalseRuler/Content/Objects/Foliage/Pebbles2_F.uasset" 2306
"H:/UnrealEnginesProjects/FalseRuler/Content/Objects/Foliage/Pebbles2_F.uexp" 2307
"H:/UnrealEnginesProjects/FalseRuler/Content/Objects/Foliage/Rock_1.ubulk" 2308
"H:/UnrealEnginesProjects/FalseRuler/Content/Objects/Foliage/Rock_1.uasset" 2309
"H:/UnrealEnginesProjects/FalseRuler/Content/Objects/Foliage/Rock_1.uexp" 2310
"H:/UnrealEnginesProjects/FalseRuler/Content/Objects/Foliage/Tree1_Leaves_L.uasset" 2311
"H:/UnrealEnginesProjects/FalseRuler/Content/Objects/Foliage/Tree1_Leaves_L.uexp" 2312
"H:/UnrealEnginesProjects/FalseRuler/Content/Objects/Foliage/Tree_2.ubulk" 2313
"H:/UnrealEnginesProjects/FalseRuler/Content/Objects/Foliage/Tree_2.uasset" 2314
"H:/UnrealEnginesProjects/FalseRuler/Content/Objects/Foliage/Tree_2.uexp" 2315
"H:/UnrealEnginesProjects/FalseRuler/Content/Objects/Foliage/Tree2_Leaves_L.uasset" 2316
"H:/UnrealEnginesProjects/FalseRuler/Content/Objects/Foliage/Tree2_Leaves_L.uexp" 2317
"H:/UnrealEnginesProjects/FalseRuler/Content/Objects/Foliage/Tree_3.ubulk" 2318
"H:/UnrealEnginesProjects/FalseRuler/Content/Objects/Foliage/Tree_3.uasset" 2319
"H:/UnrealEnginesProjects/FalseRuler/Content/Objects/Foliage/Tree_3.uexp" 2320
"H:/UnrealEnginesProjects/FalseRuler/Content/Objects/Foliage/Tree3_Leaves_L.uasset" 2321
"H:/UnrealEnginesProjects/FalseRuler/Content/Objects/Foliage/Tree3_Leaves_L.uexp" 2322
"H:/UnrealEnginesProjects/FalseRuler/Content/Objects/Foliage/Tree4_Leaves_L.uasset" 2323
"H:/UnrealEnginesProjects/FalseRuler/Content/Objects/Foliage/Tree4_Leaves_L.uexp" 2324
"H:/UnrealEnginesProjects/FalseRuler/Content/Objects/Foliage/Tree_5.ubulk" 2325
"H:/UnrealEnginesProjects/FalseRuler/Content/Objects/Foliage/Tree_5.uasset" 2326
"H:/UnrealEnginesProjects/FalseRuler/Content/Objects/Foliage/Tree_5.uexp" 2327
"H:/UnrealEnginesProjects/FalseRuler/Content/Objects/Foliage/Tree5_Leaves_L.uasset" 2328
"H:/UnrealEnginesProjects/FalseRuler/Content/Objects/Foliage/Tree5_Leaves_L.uexp" 2329
"H:/UnrealEnginesProjects/FalseRuler/Content/Objects/Foliage/Tree_6.ubulk" 2330
"H:/UnrealEnginesProjects/FalseRuler/Content/Objects/Foliage/Tree_6.uasset" 2331
"H:/UnrealEnginesProjects/FalseRuler/Content/Objects/Foliage/Tree_6.uexp" 2332
"H:/UnrealEnginesProjects/FalseRuler/Content/Objects/Foliage/Tree6_Leaves_L.uasset" 2333
"H:/UnrealEnginesProjects/FalseRuler/Content/Objects/Foliage/Tree6_Leaves_L.uexp" 2334
"H:/UnrealEnginesProjects/FalseRuler/Content/Objects/Materials/Chest_Color_1.uasset" 2335
"H:/UnrealEnginesProjects/FalseRuler/Content/Objects/Materials/Chest_Color_1.uexp" 2336
"H:/UnrealEnginesProjects/FalseRuler/Content/Objects/Storage/Box_1.ubulk" 2337
"H:/UnrealEnginesProjects/FalseRuler/Content/Objects/Storage/Box_1.uasset" 2338
"H:/UnrealEnginesProjects/FalseRuler/Content/Objects/Storage/Box_1.uexp" 2339
"H:/UnrealEnginesProjects/FalseRuler/Content/Objects/Storage/Box_1_Closed.ubulk" 2340
"H:/UnrealEnginesProjects/FalseRuler/Content/Objects/Storage/Box_1_Closed.uasset" 2341
"H:/UnrealEnginesProjects/FalseRuler/Content/Objects/Storage/Box_1_Closed.uexp" 2342
"H:/UnrealEnginesProjects/FalseRuler/Content/Objects/Storage/Box_1_Lid.ubulk" 2343
"H:/UnrealEnginesProjects/FalseRuler/Content/Objects/Storage/Box_1_Lid.uasset" 2344
"H:/UnrealEnginesProjects/FalseRuler/Content/Objects/Storage/Box_1_Lid.uexp" 2345
"H:/UnrealEnginesProjects/FalseRuler/Content/Objects/Storage/Circle.ubulk" 2346
"H:/UnrealEnginesProjects/FalseRuler/Content/Objects/Storage/Circle.uasset" 2347
"H:/UnrealEnginesProjects/FalseRuler/Content/Objects/Storage/Circle.uexp" 2348
"H:/UnrealEnginesProjects/FalseRuler/Content/Objects/Storage/Pot_1.ubulk" 2349
"H:/UnrealEnginesProjects/FalseRuler/Content/Objects/Storage/Pot_1.uasset" 2350
"H:/UnrealEnginesProjects/FalseRuler/Content/Objects/Storage/Pot_1.uexp" 2351
"H:/UnrealEnginesProjects/FalseRuler/Content/Objects/Storage/Pot_2.ubulk" 2352
"H:/UnrealEnginesProjects/FalseRuler/Content/Objects/Storage/Pot_2.uasset" 2353
"H:/UnrealEnginesProjects/FalseRuler/Content/Objects/Storage/Pot_2.uexp" 2354
"H:/UnrealEnginesProjects/FalseRuler/Content/Objects/Materials/Glass_Clear.uasset" 2355
"H:/UnrealEnginesProjects/FalseRuler/Content/Objects/Materials/Glass_Clear.uexp" 2356
"H:/UnrealEnginesProjects/FalseRuler/Content/Objects/Weapons/Orb.ubulk" 2357
"H:/UnrealEnginesProjects/FalseRuler/Content/Objects/Weapons/Orb.uasset" 2358
"H:/UnrealEnginesProjects/FalseRuler/Content/Objects/Weapons/Orb.uexp" 2359
"H:/UnrealEnginesProjects/FalseRuler/Content/Objects/Weapons/Orb_of_Anti-Detection.ubulk" 2360
"H:/UnrealEnginesProjects/FalseRuler/Content/Objects/Weapons/Orb_of_Anti-Detection.uasset" 2361
"H:/UnrealEnginesProjects/FalseRuler/Content/Objects/Weapons/Orb_of_Anti-Detection.uexp" 2362
"H:/UnrealEnginesProjects/FalseRuler/Content/Objects/Materials/Soul.uasset" 2363
"H:/UnrealEnginesProjects/FalseRuler/Content/Objects/Materials/Soul.uexp" 2364
"H:/UnrealEnginesProjects/FalseRuler/Content/Objects/Weapons/Orb_of_Phantasms.ubulk" 2365
"H:/UnrealEnginesProjects/FalseRuler/Content/Objects/Weapons/Orb_of_Phantasms.uasset" 2366
"H:/UnrealEnginesProjects/FalseRuler/Content/Objects/Weapons/Orb_of_Phantasms.uexp" 2367
"H:/UnrealEnginesProjects/FalseRuler/Content/Objects/Weapons/Orb_of_Repeating_.ubulk" 2368
"H:/UnrealEnginesProjects/FalseRuler/Content/Objects/Weapons/Orb_of_Repeating_.uasset" 2369
"H:/UnrealEnginesProjects/FalseRuler/Content/Objects/Weapons/Orb_of_Repeating_.uexp" 2370
"H:/UnrealEnginesProjects/FalseRuler/Content/Objects/Creatures/Tailor/Clothes_Tailor_T.uasset" 2371
"H:/UnrealEnginesProjects/FalseRuler/Content/Objects/Creatures/Tailor/Clothes_Tailor_T.uexp" 2372
"H:/UnrealEnginesProjects/FalseRuler/Content/Objects/Creatures/Tailor/Clothes_Tailor_M.uasset" 2373
"H:/UnrealEnginesProjects/FalseRuler/Content/Objects/Creatures/Tailor/Clothes_Tailor_M.uexp" 2374
"H:/UnrealEnginesProjects/FalseRuler/Content/Objects/Materials/Hair_Straight_T.uasset" 2375
"H:/UnrealEnginesProjects/FalseRuler/Content/Objects/Materials/Hair_Straight_T.uexp" 2376
"H:/UnrealEnginesProjects/FalseRuler/Content/Objects/Materials/Hair_Red.uasset" 2377
"H:/UnrealEnginesProjects/FalseRuler/Content/Objects/Materials/Hair_Red.uexp" 2378
"H:/UnrealEnginesProjects/FalseRuler/Content/Objects/Materials/Hair_White.uasset" 2379
"H:/UnrealEnginesProjects/FalseRuler/Content/Objects/Materials/Hair_White.uexp" 2380
"H:/UnrealEnginesProjects/FalseRuler/Content/Objects/Creatures/Tailor/Hair_Tailor.ubulk" 2381
"H:/UnrealEnginesProjects/FalseRuler/Content/Objects/Creatures/Tailor/Hair_Tailor.uasset" 2382
"H:/UnrealEnginesProjects/FalseRuler/Content/Objects/Creatures/Tailor/Hair_Tailor.uexp" 2383
"H:/UnrealEnginesProjects/FalseRuler/Content/Objects/Materials/Eye_Yellow.uasset" 2384
"H:/UnrealEnginesProjects/FalseRuler/Content/Objects/Materials/Eye_Yellow.uexp" 2385
"H:/UnrealEnginesProjects/FalseRuler/Content/Objects/Materials/Human_Skin_Tan.uasset" 2386
"H:/UnrealEnginesProjects/FalseRuler/Content/Objects/Materials/Human_Skin_Tan.uexp" 2387
"H:/UnrealEnginesProjects/FalseRuler/Content/Objects/Materials/Silk_White.uasset" 2388
"H:/UnrealEnginesProjects/FalseRuler/Content/Objects/Materials/Silk_White.uexp" 2389
"H:/UnrealEnginesProjects/FalseRuler/Content/Objects/Creatures/Tailor/Tailor_PhysicsAsset.uasset" 2390
"H:/UnrealEnginesProjects/FalseRuler/Content/Objects/Creatures/Tailor/Tailor_PhysicsAsset.uexp" 2391
"H:/UnrealEnginesProjects/FalseRuler/Content/Objects/Creatures/Tailor/Tailor_Skeleton.uasset" 2392
"H:/UnrealEnginesProjects/FalseRuler/Content/Objects/Creatures/Tailor/Tailor_Skeleton.uexp" 2393
"H:/UnrealEnginesProjects/FalseRuler/Content/Objects/Creatures/Tailor/Tailor.uasset" 2394
"H:/UnrealEnginesProjects/FalseRuler/Content/Objects/Creatures/Tailor/Tailor.uexp" 2395
"H:/UnrealEnginesProjects/FalseRuler/Content/Objects/Materials/Shaders/M_S_Charcoal_Inst.uasset" 2396
"H:/UnrealEnginesProjects/FalseRuler/Content/Objects/Materials/Shaders/M_S_Charcoal_Inst.uexp" 2397
"H:/UnrealEnginesProjects/FalseRuler/Content/Levels/StartingCamp.uexp" 2398
"H:/UnrealEnginesProjects/FalseRuler/Content/Levels/StartingCamp.ubulk" 2399
"H:/UnrealEnginesProjects/FalseRuler/Content/Levels/StartingCamp.umap" 2400
"H:/UnrealEnginesProjects/FalseRuler/Content/GM_Menu.uasset" 2401
"H:/UnrealEnginesProjects/FalseRuler/Content/GM_Menu.uexp" 2402
"H:/UnrealEnginesProjects/FalseRuler/Content/UI/Menus/MainMenu/TitleScreen.uasset" 2403
"H:/UnrealEnginesProjects/FalseRuler/Content/UI/Menus/MainMenu/TitleScreen.uexp" 2404
"H:/UnrealEnginesProjects/FalseRuler/Content/UI/Menus/OptionMenu/WB_OptionsMenu.uasset" 2405
"H:/UnrealEnginesProjects/FalseRuler/Content/UI/Menus/OptionMenu/WB_OptionsMenu.uexp" 2406
"H:/UnrealEnginesProjects/FalseRuler/Content/UI/Menus/MainMenu/WB_MainMenu.uasset" 2407
"H:/UnrealEnginesProjects/FalseRuler/Content/UI/Menus/MainMenu/WB_MainMenu.uexp" 2408
"H:/UnrealEnginesProjects/FalseRuler/Content/Levels/MainMenuMap.uexp" 2409
"H:/UnrealEnginesProjects/FalseRuler/Content/Levels/MainMenuMap.umap" 2410
"../../../Engine/Content/Maps/Entry_BuiltData.uasset" 2411
"../../../Engine/Content/Maps/Entry_BuiltData.uexp" 2412
"../../../Engine/Content/Maps/Entry.uexp" 2413
"../../../Engine/Content/Maps/Entry.umap" 2414
